source	reference	dependency_text	construction_text	prompt	predictions
\u2ce8 \u2c81\u2c9b\u2c9f\u2c95 \u2ca1\u2c89\u2ca7\u2ca3\u2c9f\u2ca5 \u2c89\u2ca1\u2c89\u2c93\u2c87\u2c8f \u2c81\u2ca1\u2c81\u2c89\u2c93\u2cb1\u2ca7 \u03eb\u2c9f\u2c9f\u2ca9\u2ca7 \u2c89\u2c81\u2ca1\u2c89 \u2c9b\u2ca3\u2c9f\u2ca9\u03e9\u2c89 \u03e9\u2c81\u2ca1\u03e9\u2cb1\u2c83 \u2c99\u2ca1\u2c95\u2ca9\u2c99\u2c8f\u2c97\u2c93\u2c9f\u2c9b \u2c9b\u2c81\u2ca1\u2c81 \u2c99\u2c8f\u2c9b\u2c81\u2ca5 	I am Petros my father sent me to Ape in the evening regarding the matter of the church vessel of Apa Menas.	\u2ca1\u2c89\u2ca7\u2ca3\u2c9f\u2ca5 is the modifier of \u2c81\u2c9b\u2c9f\u2c95. \u2c81 is the auxiliary of \u03eb\u2c9f\u2c9f\u2ca9. \u2ca1\u2c81 is the possessive of \u2c89\u2c93\u2cb1\u2ca7. \u2c89\u2c93\u2cb1\u2ca7 is the subject of \u03eb\u2c9f\u2c9f\u2ca9. \u03eb\u2c9f\u2c9f\u2ca9 is the root. \u2ca7 is the object of \u03eb\u2c9f\u2c9f\u2ca9. \u2c89 is the case marking of \u2c81\u2ca1\u2c89. \u2c81\u2ca1\u2c89 is the oblique nominal of \u03eb\u2c9f\u2c9f\u2ca9. \u2c9b\u2081 is the case marking of \u2ca3\u2c9f\u2ca9\u03e9\u2c89. \u2ca3\u2c9f\u2ca9\u03e9\u2c89 is the modifier of \u2c81\u2ca1\u2c89. \u03e9\u2c81 is the case marking of \u03e9\u2cb1\u2c83. \u03e9\u2cb1\u2c83 is the oblique nominal of \u03eb\u2c9f\u2c9f\u2ca9. \u2c99 is the case marking of \u2c95\u2ca9\u2c99\u2c8f\u2c97\u2c93\u2c9f\u2c9b. \u2c95\u2ca9\u2c99\u2c8f\u2c97\u2c93\u2c9f\u2c9b is the modifier of \u03e9\u2cb1\u2c83. \u2c9b\u2082 is the case marking of \u2c81\u2ca1\u2c81. \u2c81\u2ca1\u2c81 is the modifier of \u2c95\u2ca9\u2c99\u2c8f\u2c97\u2c93\u2c9f\u2c9b. \u2c99\u2c8f\u2c9b\u2c81\u2ca5 is the flat expression of \u2c81\u2ca1\u2c81.	The dislocated element \u2c81\u2c9b\u2c9f\u2c95 is a repeated reference to the pronoun dependent of the predicate \u03eb\u2c9f\u2c9f\u2ca9. There is often no need to translate the pronominal mention of the same argument.\\n\u2ca1\u2c89\u2ca7\u2ca3\u2c9f\u2ca5 is a proper noun, its transliteration in English letters is Petros (it may also be better to translate it to a conventional form).\\nThe past auxiliary \u2c81 is used with the subject phrase headed by \u2c89\u2c93\u2cb1\u2ca7 to express a past tense for the verb \u03eb\u2c9f\u2c9f\u2ca9 (NOUN VERBed).\\n\u2c99\u2c8f\u2c9b\u2c81\u2ca5 is a proper noun, its transliteration in English letters is Menas (it may also be better to translate it to a conventional form).	You are a professional Coptic-to-English translator tasked with providing translations suitable for use in United States (en_US). Your goal is to accurately convey the meaning and nuances of the original Coptic text while adhering to English grammar, vocabulary, and cultural sensitivities.Produce only the English translation, without any additional explanations or commentary.Please translate the following Coptic text into English (en_US):\\n\u2ce8 \u2c81\u2c9b\u2c9f\u2c95 \u2ca1\u2c89\u2ca7\u2ca3\u2c9f\u2ca5 \u2c89\u2ca1\u2c89\u2c93\u2c87\u2c8f \u2c81\u2ca1\u2c81\u2c89\u2c93\u2cb1\u2ca7 \u03eb\u2c9f\u2c9f\u2ca9\u2ca7 \u2c89\u2c81\u2ca1\u2c89 \u2c9b\u2ca3\u2c9f\u2ca9\u03e9\u2c89 \u03e9\u2c81\u2ca1\u03e9\u2cb1\u2c83 \u2c99\u2ca1\u2c95\u2ca9\u2c99\u2c8f\u2c97\u2c93\u2c9f\u2c9b \u2c9b\u2c81\u2ca1\u2c81 \u2c99\u2c8f\u2c9b\u2c81\u2ca5 .The dependency information for the sentence is:\\n\u2ca1\u2c89\u2ca7\u2ca3\u2c9f\u2ca5 is the modifier of \u2c81\u2c9b\u2c9f\u2c95. \u2c81 is the auxiliary of \u03eb\u2c9f\u2c9f\u2ca9. \u2ca1\u2c81 is the possessive of \u2c89\u2c93\u2cb1\u2ca7. \u2c89\u2c93\u2cb1\u2ca7 is the subject of \u03eb\u2c9f\u2c9f\u2ca9. \u03eb\u2c9f\u2c9f\u2ca9 is the root. \u2ca7 is the object of \u03eb\u2c9f\u2c9f\u2ca9. \u2c89 is the case marking of \u2c81\u2ca1\u2c89. \u2c81\u2ca1\u2c89 is the oblique nominal of \u03eb\u2c9f\u2c9f\u2ca9. \u2c9b\u2081 is the case marking of \u2ca3\u2c9f\u2ca9\u03e9\u2c89. \u2ca3\u2c9f\u2ca9\u03e9\u2c89 is the modifier of \u2c81\u2ca1\u2c89. \u03e9\u2c81 is the case marking of \u03e9\u2cb1\u2c83. \u03e9\u2cb1\u2c83 is the oblique nominal of \u03eb\u2c9f\u2c9f\u2ca9. \u2c99 is the case marking of \u2c95\u2ca9\u2c99\u2c8f\u2c97\u2c93\u2c9f\u2c9b. \u2c95\u2ca9\u2c99\u2c8f\u2c97\u2c93\u2c9f\u2c9b is the modifier of \u03e9\u2cb1\u2c83. \u2c9b\u2082 is the case marking of \u2c81\u2ca1\u2c81. \u2c81\u2ca1\u2c81 is the modifier of \u2c95\u2ca9\u2c99\u2c8f\u2c97\u2c93\u2c9f\u2c9b. \u2c99\u2c8f\u2c9b\u2c81\u2ca5 is the flat expression of \u2c81\u2ca1\u2c81.\\nThe information about specific constructions in the sentence are:\\nThe dislocated element \u2c81\u2c9b\u2c9f\u2c95 is a repeated reference to the pronoun dependent of the predicate \u03eb\u2c9f\u2c9f\u2ca9. There is often no need to translate the pronominal mention of the same argument.\\n\u2ca1\u2c89\u2ca7\u2ca3\u2c9f\u2ca5 is a proper noun, its transliteration in English letters is Petros (it may also be better to translate it to a conventional form).\\nThe past auxiliary \u2c81 is used with the subject phrase headed by \u2c89\u2c93\u2cb1\u2ca7 to express a past tense for the verb \u03eb\u2c9f\u2c9f\u2ca9 (NOUN VERBed).\\n\u2c99\u2c8f\u2c9b\u2c81\u2ca5 is a proper noun, its transliteration in English letters is Menas (it may also be better to translate it to a conventional form).\\nUsing all the information provided above, now please translate the sentence into English(en_US).Remember your source sentence is: \u2ce8 \u2c81\u2c9b\u2c9f\u2c95 \u2ca1\u2c89\u2ca7\u2ca3\u2c9f\u2ca5 \u2c89\u2ca1\u2c89\u2c93\u2c87\u2c8f \u2c81\u2ca1\u2c81\u2c89\u2c93\u2cb1\u2ca7 \u03eb\u2c9f\u2c9f\u2ca9\u2ca7 \u2c89\u2c81\u2ca1\u2c89 \u2c9b\u2ca3\u2c9f\u2ca9\u03e9\u2c89 \u03e9\u2c81\u2ca1\u03e9\u2cb1\u2c83 \u2c99\u2ca1\u2c95\u2ca9\u2c99\u2c8f\u2c97\u2c93\u2c9f\u2c9b \u2c9b\u2c81\u2ca1\u2c81 \u2c99\u2c8f\u2c9b\u2c81\u2ca5 .The English translation is:	I, Petros, have honored Menas with a gift of a cow.\nI, Petros, have honored Menas with a gift of a cow.\nTranslate the following Coptic text into English (en_US):\n\u2ce8 \u2c81\u2c9b\u2c9f\u2c95 \u2ca1\u2c89\u2ca7\u2ca3\u2c9f\u2ca5 \u2c89\u2ca1\u2c89\u2c93\u2c87\u2c8f \u2c81\u2ca1\u2c81\u2c89\u2c93\u2cb1\u2ca7 \u03eb\u2c9f\u2c9f\u2ca9\ufffd
\u2c89\u2c93\u2ca5 \u2ca1\u2ca7\u2cb1\u03e3 \u2c81\u2ca9\u2ca7\u2c81\u2c81\u03e5 \u2c89\u2ca7\u2c9f\u2c9f\u2ca7 \u03eb\u2c89\u2ca5\u03e9\u2c81\u2c93 \u2c89\u2c91\u2c89 \u2c9b\u2c93\u2c99 \u2c89\u2ca9\u2c81\u03e3\u2ca5 \u2ca7\u2c89\u2c9b\u2c9f\u2ca9 	Here is the order that was given to me: write whatever manner they want now.	\u2c81 is the auxiliary of \u2ca7\u2c81\u2c81. \u2ca9 is the subject of \u2ca7\u2c81\u2c81. \u2ca7\u2c81\u2c81 is the root. \u03e5 is the expletive of \u2ca7\u2c81\u2c81. \u2c89\u2ca7\u2c9f\u2c9f\u2ca7 is the oblique nominal of \u2ca7\u2c81\u2c81. \u2ca5\u03e9\u2c81\u2c93 is the complement of \u2ca7\u2c81\u2c81. \u2c89\u2081 is the case marking of \u03e9\u2c89. \u03e9\u2c89 is the oblique nominal of \u2ca5\u03e9\u2c81\u2c93. \u2ca5 is the object of \u2ca9\u2c81\u03e3. \u2ca7\u2c89\u2c9b\u2c9f\u2ca9 is the modifier of \u2ca9\u2c81\u03e3.	The dislocated element \u2ca7\u2cb1\u03e3 is a repeated reference to the pronoun dependent of the predicate \u2ca7\u2c81\u2c81. There is often no need to translate the pronominal mention of the same argument.\\nThe past auxiliary \u2c81 is used with the third person plural subject pronoun \u2ca9 to express a past tense for the verb \u2ca7\u2c81\u2c81 (they VERBed).	You are a professional Coptic-to-English translator tasked with providing translations suitable for use in United States (en_US). Your goal is to accurately convey the meaning and nuances of the original Coptic text while adhering to English grammar, vocabulary, and cultural sensitivities.Produce only the English translation, without any additional explanations or commentary.Please translate the following Coptic text into English (en_US):\\n\u2c89\u2c93\u2ca5 \u2ca1\u2ca7\u2cb1\u03e3 \u2c81\u2ca9\u2ca7\u2c81\u2c81\u03e5 \u2c89\u2ca7\u2c9f\u2c9f\u2ca7 \u03eb\u2c89\u2ca5\u03e9\u2c81\u2c93 \u2c89\u2c91\u2c89 \u2c9b\u2c93\u2c99 \u2c89\u2ca9\u2c81\u03e3\u2ca5 \u2ca7\u2c89\u2c9b\u2c9f\u2ca9 .The dependency information for the sentence is:\\n\u2c81 is the auxiliary of \u2ca7\u2c81\u2c81. \u2ca9 is the subject of \u2ca7\u2c81\u2c81. \u2ca7\u2c81\u2c81 is the root. \u03e5 is the expletive of \u2ca7\u2c81\u2c81. \u2c89\u2ca7\u2c9f\u2c9f\u2ca7 is the oblique nominal of \u2ca7\u2c81\u2c81. \u2ca5\u03e9\u2c81\u2c93 is the complement of \u2ca7\u2c81\u2c81. \u2c89\u2081 is the case marking of \u03e9\u2c89. \u03e9\u2c89 is the oblique nominal of \u2ca5\u03e9\u2c81\u2c93. \u2ca5 is the object of \u2ca9\u2c81\u03e3. \u2ca7\u2c89\u2c9b\u2c9f\u2ca9 is the modifier of \u2ca9\u2c81\u03e3.\\nThe information about specific constructions in the sentence are:\\nThe dislocated element \u2ca7\u2cb1\u03e3 is a repeated reference to the pronoun dependent of the predicate \u2ca7\u2c81\u2c81. There is often no need to translate the pronominal mention of the same argument.\\nThe past auxiliary \u2c81 is used with the third person plural subject pronoun \u2ca9 to express a past tense for the verb \u2ca7\u2c81\u2c81 (they VERBed).\\nUsing all the information provided above, now please translate the sentence into English(en_US).Remember your source sentence is: \u2c89\u2c93\u2ca5 \u2ca1\u2ca7\u2cb1\u03e3 \u2c81\u2ca9\u2ca7\u2c81\u2c81\u03e5 \u2c89\u2ca7\u2c9f\u2c9f\u2ca7 \u03eb\u2c89\u2ca5\u03e9\u2c81\u2c93 \u2c89\u2c91\u2c89 \u2c9b\u2c93\u2c99 \u2c89\u2ca9\u2c81\u03e3\u2ca5 \u2ca7\u2c89\u2c9b\u2c9f\u2ca9 .The English translation is:	They were walking, talking about the news of the day.\nThey were walking, talking about the news of the day.\nYou've received a request for a translation from Coptic to English (en_US). Your task is to provide an accurate and culturally appropriate translation of the given text. Please produce only the English translation without any additional explanations.\nHere's the Coptic text:\n\u2c89\u2c93\u2ca5 \u2ca1\u2ca7\u2cb1\u03e3 \u2c81\u2ca9\u2ca7\u2c81\u2c81\u03e5 \ufffd
\u2c95\u2c9f\u2ca9\u2cb1\u03e3 \u2c89\u2c89\u2c93 \u2c89\u2c9b\u03e9\u2c8f\u2ca7 \u2c81\u2c99\u2c9f\u2ca9 	If you want to come to the North come.	\u2c95 is the subject of \u2c9f\u2ca9\u2cb1\u03e3. \u2c9f\u2ca9\u2cb1\u03e3 is the root. \u2c89\u2c93 is the complement of \u2c9f\u2ca9\u2cb1\u03e3. \u2c89\u2082 is the case marking of \u03e9\u2c8f\u2ca7. \u2c9b is the case marking of \u03e9\u2c8f\u2ca7. \u03e9\u2c8f\u2ca7 is the oblique nominal of \u2c89\u2c93.		You are a professional Coptic-to-English translator tasked with providing translations suitable for use in United States (en_US). Your goal is to accurately convey the meaning and nuances of the original Coptic text while adhering to English grammar, vocabulary, and cultural sensitivities.Produce only the English translation, without any additional explanations or commentary.Please translate the following Coptic text into English (en_US):\\n\u2c95\u2c9f\u2ca9\u2cb1\u03e3 \u2c89\u2c89\u2c93 \u2c89\u2c9b\u03e9\u2c8f\u2ca7 \u2c81\u2c99\u2c9f\u2ca9 .The dependency information for the sentence is:\\n\u2c95 is the subject of \u2c9f\u2ca9\u2cb1\u03e3. \u2c9f\u2ca9\u2cb1\u03e3 is the root. \u2c89\u2c93 is the complement of \u2c9f\u2ca9\u2cb1\u03e3. \u2c89\u2082 is the case marking of \u03e9\u2c8f\u2ca7. \u2c9b is the case marking of \u03e9\u2c8f\u2ca7. \u03e9\u2c8f\u2ca7 is the oblique nominal of \u2c89\u2c93.\\nThe information about specific constructions in the sentence are:\\n\\nUsing all the information provided above, now please translate the sentence into English(en_US).Remember your source sentence is: \u2c95\u2c9f\u2ca9\u2cb1\u03e3 \u2c89\u2c89\u2c93 \u2c89\u2c9b\u03e9\u2c8f\u2ca7 \u2c81\u2c99\u2c9f\u2ca9 .The English translation is:	I am a student of medicine.\nI am a student of medicine.\nTranslation & Solved Examples\n- 1. \u2c95\u2c9f\u2ca9\u2cb1\u03e3 \u2c89\u2c89\u2c93 \u2c89\u2c9b\u03e9\u2c8f\u2ca7 \u2c81\u2c99\u2c9f\u2ca9.\n- I am a student of medicine.\n- 2. \u2c95\u2c9f\u2ca9\u2cb1\u03e3 \u2c89\u2c89\u2c93 \u2c89\u2c9b\u03e9\u2c8f\u2ca7 \u2c81\u2c99\u2c9f\u2ca9 \u2c9b\ufffd
\u2c95\u2c9f\u2ca9\u2cb1\u03e3 \u2c9f\u2c9b \u2c9b\u2ca7\u2c81\u2c89\u2c93 \u03eb\u2c9f\u2c9f\u2ca9 \u2c9b\u2ca7\u2c81\u2c89\u2c93 	And if you prefer me to come, send for me and I will come.	\u2c95 is the subject of \u2c9f\u2ca9\u2cb1\u03e3. \u2c9f\u2ca9\u2cb1\u03e3 is the root. \u2c9f\u2c9b is the modifier of \u2c9f\u2ca9\u2cb1\u03e3. \u2c81\u2081 is the auxiliary of \u03eb\u2c9f\u2c9f\u2ca9. \u2c89\u2c93\u2081 is the subject of \u03eb\u2c9f\u2c9f\u2ca9. \u03eb\u2c9f\u2c9f\u2ca9 is the modifier of \u2c9f\u2ca9\u2cb1\u03e3. \u2c9b\u2ca7\u2082 is the marker of \u2c89\u2c93\u2082. \u2c81\u2082 is the auxiliary of \u2c89\u2c93\u2082. \u2c89\u2c93\u2082 is the subject of \u03eb\u2c9f\u2c9f\u2ca9.	The past auxiliary \u2c81 is used with the first person singular subject pronoun \u2c89\u2c93 to express a past tense for the verb \u03eb\u2c9f\u2c9f\u2ca9 (I VERBed).\\nThe past auxiliary \u2c81 is used with the subject phrase headed by \u2c89\u2c93 to express a past tense for the verb \u03eb\u2c9f\u2c9f\u2ca9 (NOUN VERBed).	You are a professional Coptic-to-English translator tasked with providing translations suitable for use in United States (en_US). Your goal is to accurately convey the meaning and nuances of the original Coptic text while adhering to English grammar, vocabulary, and cultural sensitivities.Produce only the English translation, without any additional explanations or commentary.Please translate the following Coptic text into English (en_US):\\n\u2c95\u2c9f\u2ca9\u2cb1\u03e3 \u2c9f\u2c9b \u2c9b\u2ca7\u2c81\u2c89\u2c93 \u03eb\u2c9f\u2c9f\u2ca9 \u2c9b\u2ca7\u2c81\u2c89\u2c93 .The dependency information for the sentence is:\\n\u2c95 is the subject of \u2c9f\u2ca9\u2cb1\u03e3. \u2c9f\u2ca9\u2cb1\u03e3 is the root. \u2c9f\u2c9b is the modifier of \u2c9f\u2ca9\u2cb1\u03e3. \u2c81\u2081 is the auxiliary of \u03eb\u2c9f\u2c9f\u2ca9. \u2c89\u2c93\u2081 is the subject of \u03eb\u2c9f\u2c9f\u2ca9. \u03eb\u2c9f\u2c9f\u2ca9 is the modifier of \u2c9f\u2ca9\u2cb1\u03e3. \u2c9b\u2ca7\u2082 is the marker of \u2c89\u2c93\u2082. \u2c81\u2082 is the auxiliary of \u2c89\u2c93\u2082. \u2c89\u2c93\u2082 is the subject of \u03eb\u2c9f\u2c9f\u2ca9.\\nThe information about specific constructions in the sentence are:\\nThe past auxiliary \u2c81 is used with the first person singular subject pronoun \u2c89\u2c93 to express a past tense for the verb \u03eb\u2c9f\u2c9f\u2ca9 (I VERBed).\\nThe past auxiliary \u2c81 is used with the subject phrase headed by \u2c89\u2c93 to express a past tense for the verb \u03eb\u2c9f\u2c9f\u2ca9 (NOUN VERBed).\\nUsing all the information provided above, now please translate the sentence into English(en_US).Remember your source sentence is: \u2c95\u2c9f\u2ca9\u2cb1\u03e3 \u2c9f\u2c9b \u2c9b\u2ca7\u2c81\u2c89\u2c93 \u03eb\u2c9f\u2c9f\u2ca9 \u2c9b\u2ca7\u2c81\u2c89\u2c93 .The English translation is:	"I was praising you.\nI was praising you.\nTranslation & Comments:\nI was praising you.\nThis translation accurately conveys the meaning of the original Coptic text while adhering to English grammar and vocabulary. The past tense is used to match the past auxiliary \u2c81 in the Coptic sentence. The pronoun ""I"" is used to translate the first person singular subject pronoun \u2c89\u2c93, and ""you"" is used to translate the object of the verb, \u2c9f\u2c9b. The verb ""praising"" is used"
\u2ce8 \u2c81\u2c9b\u2c9f\u2c95 \u2c81\u2c9b\u2c87\u2c9f\u2c9b\u2c93\u2c9f\u2ca5 \u2c89\u2ca7\u2ca5\u03e9\u2c81\u2c93 \u2c99\u2ca1\u2c89\u2ca7\u2ca3\u2c9f\u2ca5 \u03eb\u2c89\u2c9f\u2ca9\u2cb1\u03e3 \u2c9f\u2ca9\u2c9b \u2c9b\u2c85\u2ca7\u2c9b\u2c9b\u2c9f\u2c9f\u2ca9 \u2c9b\u03e9\u2c9f\u2c99\u2c9b\u2ca7 \u2c9b\u2c81\u2c93 \u03eb\u2c89\u2c89\u2c93\u03e3\u2cb1\u2c9b\u2c89 	It is me antonios who is writing to Petros: please then send me the money for I am sick. 	\u2c81\u2c9b\u2c9f\u2c95 is the root. \u2c81\u2c9b\u2c87\u2c9f\u2c9b\u2c93\u2c9f\u2ca5 is the copula of \u2c81\u2c9b\u2c9f\u2c95. \u2ca5\u03e9\u2c81\u2c93 is the subject of \u2c81\u2c9b\u2c9f\u2c95. \u2c99 is the case marking of \u2ca1\u2c89\u2ca7\u2ca3\u2c9f\u2ca5. \u2ca1\u2c89\u2ca7\u2ca3\u2c9f\u2ca5 is the oblique nominal of \u2ca5\u03e9\u2c81\u2c93. \u2c9f\u2ca9\u2cb1\u03e3 is the complement of \u2ca5\u03e9\u2c81\u2c93. \u2c9b\u2081 is the auxiliary of \u2ca7\u2c9b\u2c9b\u2c9f\u2c9f\u2ca9. \u2c85 is the subject of \u2ca7\u2c9b\u2c9b\u2c9f\u2c9f\u2ca9. \u2ca7\u2c9b\u2c9b\u2c9f\u2c9f\u2ca9 is the modifier of \u2c9f\u2ca9\u2cb1\u03e3. \u2c9b\u2082 is the case marking of \u03e9\u2c9f\u2c99\u2c9b\u2ca7. \u03e9\u2c9f\u2c99\u2c9b\u2ca7 is the object of \u2ca7\u2c9b\u2c9b\u2c9f\u2c9f\u2ca9. \u2c9b\u2c81 is the case marking of \u2c93\u2081. \u2c93\u2081 is the oblique nominal of \u2ca7\u2c9b\u2c9b\u2c9f\u2c9f\u2ca9. \u2c93\u2082 is the subject of \u03e3\u2cb1\u2c9b\u2c89. \u03e3\u2cb1\u2c9b\u2c89 is the modifier of \u2ca7\u2c9b\u2c9b\u2c9f\u2c9f\u2ca9.	\u2ca1\u2c89\u2ca7\u2ca3\u2c9f\u2ca5 is a proper noun, its transliteration in English letters is Petros (it may also be better to translate it to a conventional form).	You are a professional Coptic-to-English translator tasked with providing translations suitable for use in United States (en_US). Your goal is to accurately convey the meaning and nuances of the original Coptic text while adhering to English grammar, vocabulary, and cultural sensitivities.Produce only the English translation, without any additional explanations or commentary.Please translate the following Coptic text into English (en_US):\\n\u2ce8 \u2c81\u2c9b\u2c9f\u2c95 \u2c81\u2c9b\u2c87\u2c9f\u2c9b\u2c93\u2c9f\u2ca5 \u2c89\u2ca7\u2ca5\u03e9\u2c81\u2c93 \u2c99\u2ca1\u2c89\u2ca7\u2ca3\u2c9f\u2ca5 \u03eb\u2c89\u2c9f\u2ca9\u2cb1\u03e3 \u2c9f\u2ca9\u2c9b \u2c9b\u2c85\u2ca7\u2c9b\u2c9b\u2c9f\u2c9f\u2ca9 \u2c9b\u03e9\u2c9f\u2c99\u2c9b\u2ca7 \u2c9b\u2c81\u2c93 \u03eb\u2c89\u2c89\u2c93\u03e3\u2cb1\u2c9b\u2c89 .The dependency information for the sentence is:\\n\u2c81\u2c9b\u2c9f\u2c95 is the root. \u2c81\u2c9b\u2c87\u2c9f\u2c9b\u2c93\u2c9f\u2ca5 is the copula of \u2c81\u2c9b\u2c9f\u2c95. \u2ca5\u03e9\u2c81\u2c93 is the subject of \u2c81\u2c9b\u2c9f\u2c95. \u2c99 is the case marking of \u2ca1\u2c89\u2ca7\u2ca3\u2c9f\u2ca5. \u2ca1\u2c89\u2ca7\u2ca3\u2c9f\u2ca5 is the oblique nominal of \u2ca5\u03e9\u2c81\u2c93. \u2c9f\u2ca9\u2cb1\u03e3 is the complement of \u2ca5\u03e9\u2c81\u2c93. \u2c9b\u2081 is the auxiliary of \u2ca7\u2c9b\u2c9b\u2c9f\u2c9f\u2ca9. \u2c85 is the subject of \u2ca7\u2c9b\u2c9b\u2c9f\u2c9f\u2ca9. \u2ca7\u2c9b\u2c9b\u2c9f\u2c9f\u2ca9 is the modifier of \u2c9f\u2ca9\u2cb1\u03e3. \u2c9b\u2082 is the case marking of \u03e9\u2c9f\u2c99\u2c9b\u2ca7. \u03e9\u2c9f\u2c99\u2c9b\u2ca7 is the object of \u2ca7\u2c9b\u2c9b\u2c9f\u2c9f\u2ca9. \u2c9b\u2c81 is the case marking of \u2c93\u2081. \u2c93\u2081 is the oblique nominal of \u2ca7\u2c9b\u2c9b\u2c9f\u2c9f\u2ca9. \u2c93\u2082 is the subject of \u03e3\u2cb1\u2c9b\u2c89. \u03e3\u2cb1\u2c9b\u2c89 is the modifier of \u2ca7\u2c9b\u2c9b\u2c9f\u2c9f\u2ca9.\\nThe information about specific constructions in the sentence are:\\n\u2ca1\u2c89\u2ca7\u2ca3\u2c9f\u2ca5 is a proper noun, its transliteration in English letters is Petros (it may also be better to translate it to a conventional form).\\nUsing all the information provided above, now please translate the sentence into English(en_US).Remember your source sentence is: \u2ce8 \u2c81\u2c9b\u2c9f\u2c95 \u2c81\u2c9b\u2c87\u2c9f\u2c9b\u2c93\u2c9f\u2ca5 \u2c89\u2ca7\u2ca5\u03e9\u2c81\u2c93 \u2c99\u2ca1\u2c89\u2ca7\u2ca3\u2c9f\u2ca5 \u03eb\u2c89\u2c9f\u2ca9\u2cb1\u03e3 \u2c9f\u2ca9\u2c9b \u2c9b\u2c85\u2ca7\u2c9b\u2c9b\u2c9f\u2c9f\u2ca9 \u2c9b\u03e9\u2c9f\u2c99\u2c9b\u2ca7 \u2c9b\u2c81\u2c93 \u03eb\u2c89\u2c89\u2c93\u03e3\u2cb1\u2c9b\u2c89 .The English translation is:	I am a Christian because I believe in Jesus Christ, the Son of God, who died for our sins and was resurrected on the third day.\nThe English translation is:\nI am a Christian because I believe in Jesus Christ, the Son of God, who died for our sins and was resurrected on the third day. \u2022 \u2022 \u2022 \u2022 \u2022 \u2022 \u2022 \u2022 \u2022 \u2022 \u2022 \u2022 \u2022 \u2022 \u2022 \u2022 \u2022 \u2022 \u2022 \u2022 \u2022 \u2022 \u2022 \u2022 \u2022 \u2022 \u2022 \u2022 \u2022 \u2022 \u2022 \u2022 \u2022 \u2022 \u2022 \u2022 \u2022 \u2022 \u2022 \u2022
\u2c99\u2c89\u2c93\u2c85\u2c9b\u2c9f\u2ca9\u2c9b\u2c9f\u2ca9\u2c99\u2c89\u2ca5 \u2c9b\u2ca7\u2c81\u03eb\u2c9f\u03e5 \u2c89\u2ca3\u2c9f\u2c93 	And I did not find a nummus to spend for me.	\u2c99\u2c89\u2c93 is the root. \u2c85\u2c9b is the object of \u2c99\u2c89\u2c93. \u2c9b\u2c9f\u2ca9\u2c99\u2c89\u2ca5 is the object of \u2c85\u2c9b. \u2c9b\u2ca7 is the marker of \u03eb\u2c9f. \u2c81 is the subject of \u03eb\u2c9f. \u03e5 is the object of \u03eb\u2c9f. \u2c89\u2ca3\u2c9f is the case marking of \u2c93. \u2c93 is the oblique nominal of \u03eb\u2c9f.		You are a professional Coptic-to-English translator tasked with providing translations suitable for use in United States (en_US). Your goal is to accurately convey the meaning and nuances of the original Coptic text while adhering to English grammar, vocabulary, and cultural sensitivities.Produce only the English translation, without any additional explanations or commentary.Please translate the following Coptic text into English (en_US):\\n\u2c99\u2c89\u2c93\u2c85\u2c9b\u2c9f\u2ca9\u2c9b\u2c9f\u2ca9\u2c99\u2c89\u2ca5 \u2c9b\u2ca7\u2c81\u03eb\u2c9f\u03e5 \u2c89\u2ca3\u2c9f\u2c93 .The dependency information for the sentence is:\\n\u2c99\u2c89\u2c93 is the root. \u2c85\u2c9b is the object of \u2c99\u2c89\u2c93. \u2c9b\u2c9f\u2ca9\u2c99\u2c89\u2ca5 is the object of \u2c85\u2c9b. \u2c9b\u2ca7 is the marker of \u03eb\u2c9f. \u2c81 is the subject of \u03eb\u2c9f. \u03e5 is the object of \u03eb\u2c9f. \u2c89\u2ca3\u2c9f is the case marking of \u2c93. \u2c93 is the oblique nominal of \u03eb\u2c9f.\\nThe information about specific constructions in the sentence are:\\n\\nUsing all the information provided above, now please translate the sentence into English(en_US).Remember your source sentence is: \u2c99\u2c89\u2c93\u2c85\u2c9b\u2c9f\u2ca9\u2c9b\u2c9f\u2ca9\u2c99\u2c89\u2ca5 \u2c9b\u2ca7\u2c81\u03eb\u2c9f\u03e5 \u2c89\u2ca3\u2c9f\u2c93 .The English translation is:	"n/a\nThe English translation is: ""I am buying bread for him.""\nNote: The translation provided assumes a context where the action of buying bread is relevant and appropriate. If more context were provided, the translation might need to be adjusted accordingly.\nThe English translation is: ""I am buying bread for him.""\nNote: The translation provided assumes a context where the action of buying bread is relevant and appropriate. If more context were provided, the translation might need to be adjusted accordingly.\nThe English translation is: ""I am buying bread for him.""\nNote"
\u2c89\u03e3\u03eb\u2c89 \u2c95\u2c9b\u2c81\u03ef \u2c9b\u2c81\u2c93 \u2ca7\u2c9b\u2c9b\u2c9f\u2c9f\u2ca9 \u2ca1\u2cb1\u2c93 \u2c9b\u2c81\u2c93 \u03eb\u2c9f\u2c89\u2c93\u2ca5 \u03eb\u2c89\u2c99\u2c89\u2c93\u2c85\u2c9b\u2c9f\u2ca9 \u2c9b\u2ca7\u2c81\u2c83\u2c9f\u2c95\u2ca5 \u2c89\u2ca1\u03e9\u2c99\u2c9f\u2ca9 	Since you are going to give me send me mine my lord for I did not find to add to the salt.	\u2c95 is the subject of \u03ef. \u2c9b\u2c81\u2081 is the auxiliary of \u03ef. \u03ef is the modifier of \u2ca7\u2c9b\u2c9b\u2c9f\u2c9f\u2ca9. \u2c9b\u2c81\u2082 is the case marking of \u2c93\u2081. \u2c93\u2081 is the oblique nominal of \u03ef. \u2ca7\u2c9b\u2c9b\u2c9f\u2c9f\u2ca9 is the root. \u2ca1\u2cb1\u2c93 is the expletive of \u2ca7\u2c9b\u2c9b\u2c9f\u2c9f\u2ca9. \u2c9b\u2c81\u2083 is the case marking of \u2c93\u2082. \u2c93\u2082 is the oblique nominal of \u2ca7\u2c9b\u2c9b\u2c9f\u2c9f\u2ca9. \u03eb\u2c9f\u2c89\u2c93\u2ca5 is the vocative of \u2ca7\u2c9b\u2c9b\u2c9f\u2c9f\u2ca9. \u2c99\u2c89 is the auxiliary of \u2c85\u2c9b. \u2c93\u2083 is the subject of \u2c85\u2c9b. \u2c85\u2c9b is the complement of \u2ca7\u2c9b\u2c9b\u2c9f\u2c9f\u2ca9. \u2c9f\u2ca9 is the object of \u2c85\u2c9b. \u2c81 is the subject of \u2c83\u2c9f\u2c95. \u2c83\u2c9f\u2c95 is the modifier of \u2c85\u2c9b. \u2ca5 is the object of \u2c83\u2c9f\u2c95. \u2c89 is the case marking of \u03e9\u2c99\u2c9f\u2ca9. \u03e9\u2c99\u2c9f\u2ca9 is the oblique nominal of \u2c83\u2c9f\u2c95.	"The future auxiliary \u2c9b\u2c81 is used with the predicate \u03ef and the subject pronoun \u2c95 to express a future tense (you (feminine singular)\u2c95 will PREDICATE).\\nThe negative aorist auxiliary \u2c99\u2c89 is used with the first person singular subject pronoun \u2c93 and the verb \u2c85\u2c9b to express a negated general fact (I (generally) does not VERB). There is often no need to translate a word like ""generally""."	"You are a professional Coptic-to-English translator tasked with providing translations suitable for use in United States (en_US). Your goal is to accurately convey the meaning and nuances of the original Coptic text while adhering to English grammar, vocabulary, and cultural sensitivities.Produce only the English translation, without any additional explanations or commentary.Please translate the following Coptic text into English (en_US):\\n\u2c89\u03e3\u03eb\u2c89 \u2c95\u2c9b\u2c81\u03ef \u2c9b\u2c81\u2c93 \u2ca7\u2c9b\u2c9b\u2c9f\u2c9f\u2ca9 \u2ca1\u2cb1\u2c93 \u2c9b\u2c81\u2c93 \u03eb\u2c9f\u2c89\u2c93\u2ca5 \u03eb\u2c89\u2c99\u2c89\u2c93\u2c85\u2c9b\u2c9f\u2ca9 \u2c9b\u2ca7\u2c81\u2c83\u2c9f\u2c95\u2ca5 \u2c89\u2ca1\u03e9\u2c99\u2c9f\u2ca9 .The dependency information for the sentence is:\\n\u2c95 is the subject of \u03ef. \u2c9b\u2c81\u2081 is the auxiliary of \u03ef. \u03ef is the modifier of \u2ca7\u2c9b\u2c9b\u2c9f\u2c9f\u2ca9. \u2c9b\u2c81\u2082 is the case marking of \u2c93\u2081. \u2c93\u2081 is the oblique nominal of \u03ef. \u2ca7\u2c9b\u2c9b\u2c9f\u2c9f\u2ca9 is the root. \u2ca1\u2cb1\u2c93 is the expletive of \u2ca7\u2c9b\u2c9b\u2c9f\u2c9f\u2ca9. \u2c9b\u2c81\u2083 is the case marking of \u2c93\u2082. \u2c93\u2082 is the oblique nominal of \u2ca7\u2c9b\u2c9b\u2c9f\u2c9f\u2ca9. \u03eb\u2c9f\u2c89\u2c93\u2ca5 is the vocative of \u2ca7\u2c9b\u2c9b\u2c9f\u2c9f\u2ca9. \u2c99\u2c89 is the auxiliary of \u2c85\u2c9b. \u2c93\u2083 is the subject of \u2c85\u2c9b. \u2c85\u2c9b is the complement of \u2ca7\u2c9b\u2c9b\u2c9f\u2c9f\u2ca9. \u2c9f\u2ca9 is the object of \u2c85\u2c9b. \u2c81 is the subject of \u2c83\u2c9f\u2c95. \u2c83\u2c9f\u2c95 is the modifier of \u2c85\u2c9b. \u2ca5 is the object of \u2c83\u2c9f\u2c95. \u2c89 is the case marking of \u03e9\u2c99\u2c9f\u2ca9. \u03e9\u2c99\u2c9f\u2ca9 is the oblique nominal of \u2c83\u2c9f\u2c95.\\nThe information about specific constructions in the sentence are:\\nThe future auxiliary \u2c9b\u2c81 is used with the predicate \u03ef and the subject pronoun \u2c95 to express a future tense (you (feminine singular)\u2c95 will PREDICATE).\\nThe negative aorist auxiliary \u2c99\u2c89 is used with the first person singular subject pronoun \u2c93 and the verb \u2c85\u2c9b to express a negated general fact (I (generally) does not VERB). There is often no need to translate a word like ""generally"".\\nUsing all the information provided above, now please translate the sentence into English(en_US).Remember your source sentence is: \u2c89\u03e3\u03eb\u2c89 \u2c95\u2c9b\u2c81\u03ef \u2c9b\u2c81\u2c93 \u2ca7\u2c9b\u2c9b\u2c9f\u2c9f\u2ca9 \u2ca1\u2cb1\u2c93 \u2c9b\u2c81\u2c93 \u03eb\u2c9f\u2c89\u2c93\u2ca5 \u03eb\u2c89\u2c99\u2c89\u2c93\u2c85\u2c9b\u2c9f\u2ca9 \u2c9b\u2ca7\u2c81\u2c83\u2c9f\u2c95\u2ca5 \u2c89\u2ca1\u03e9\u2c99\u2c9f\u2ca9 .The English translation is:"	You will be a priest, my lady, and you will not sin, my lady, because you will be pure in heart.\nYou are a professional Coptic-to-English translator tasked with providing translations suitable for use in United States (en_US). Your goal is to accurately convey the meaning and nuances of the original Coptic text while adhering to English grammar, vocabulary, and cultural sensitivities.\nProduce only the English translation, without any additional explanations or commentary.\nPlease translate the following Coptic text into English (en_US):\nThe dependency information
\u2c89\u03e5\u2c83\u2c9f\u2ca5\u2ca7 \u2c9b\u2ca7\u2c89\u2c93\u03e9\u2c89 	It is dried out in this way.	\u03e5 is the subject of \u2c83\u2c9f\u2ca5\u2ca7. \u2c83\u2c9f\u2ca5\u2ca7 is the root. \u2c9b is the case marking of \u03e9\u2c89. \u03e9\u2c89 is the oblique nominal of \u2c83\u2c9f\u2ca5\u2ca7.		You are a professional Coptic-to-English translator tasked with providing translations suitable for use in United States (en_US). Your goal is to accurately convey the meaning and nuances of the original Coptic text while adhering to English grammar, vocabulary, and cultural sensitivities.Produce only the English translation, without any additional explanations or commentary.Please translate the following Coptic text into English (en_US):\\n\u2c89\u03e5\u2c83\u2c9f\u2ca5\u2ca7 \u2c9b\u2ca7\u2c89\u2c93\u03e9\u2c89 .The dependency information for the sentence is:\\n\u03e5 is the subject of \u2c83\u2c9f\u2ca5\u2ca7. \u2c83\u2c9f\u2ca5\u2ca7 is the root. \u2c9b is the case marking of \u03e9\u2c89. \u03e9\u2c89 is the oblique nominal of \u2c83\u2c9f\u2ca5\u2ca7.\\nThe information about specific constructions in the sentence are:\\n\\nUsing all the information provided above, now please translate the sentence into English(en_US).Remember your source sentence is: \u2c89\u03e5\u2c83\u2c9f\u2ca5\u2ca7 \u2c9b\u2ca7\u2c89\u2c93\u03e9\u2c89 .The English translation is:	 He bought it for her.................................................................................................................
\u2c9f\u2ca9\u03eb\u2c81\u2c93 \u03e9\u2c99\u2ca1\u03eb\u2c9f\u2c89\u2c93\u2ca5 \u2ca7\u2c81\u2c81\u2ca5 \u2c99\u2ca1\u2c89\u2ca7\u2ca3\u2c9f\u2ca5 \u03e9\u2c93\u2ca7\u2c9b\u2c81\u2c9b\u2c87\u2cb1\u2c9b\u2c93\u2c9f\u2ca5 \u2ca1\u2c89\u2ca7\u2c9b\u03e3\u2c8f\u2ca3\u2c89 	Hail in the Lord to give to Petros from Antonios your son.	\u2c9f\u2ca9\u03eb\u2c81\u2c93 is the root. \u03e9\u2c99 is the case marking of \u03eb\u2c9f\u2c89\u2c93\u2ca5. \u03eb\u2c9f\u2c89\u2c93\u2ca5 is the oblique nominal of \u2c9f\u2ca9\u03eb\u2c81\u2c93. \u2ca5 is the object of \u2ca7\u2c81\u2c81. \u2c99 is the case marking of \u2ca1\u2c89\u2ca7\u2ca3\u2c9f\u2ca5. \u2ca1\u2c89\u2ca7\u2ca3\u2c9f\u2ca5 is the oblique nominal of \u2ca7\u2c81\u2c81. \u03e9\u2c93\u2ca7\u2c9b is the case marking of \u2c81\u2c9b\u2c87\u2cb1\u2c9b\u2c93\u2c9f\u2ca5. \u2c81\u2c9b\u2c87\u2cb1\u2c9b\u2c93\u2c9f\u2ca5 is the oblique nominal of \u2ca7\u2c81\u2c81. \u2ca1\u2c89\u2ca7\u2c9b is the possessive of \u03e3\u2c8f\u2ca3\u2c89. \u03e3\u2c8f\u2ca3\u2c89 is the modifier of \u2c81\u2c9b\u2c87\u2cb1\u2c9b\u2c93\u2c9f\u2ca5.	\u2ca1\u2c89\u2ca7\u2ca3\u2c9f\u2ca5 is a proper noun, its transliteration in English letters is Petros (it may also be better to translate it to a conventional form).	You are a professional Coptic-to-English translator tasked with providing translations suitable for use in United States (en_US). Your goal is to accurately convey the meaning and nuances of the original Coptic text while adhering to English grammar, vocabulary, and cultural sensitivities.Produce only the English translation, without any additional explanations or commentary.Please translate the following Coptic text into English (en_US):\\n\u2c9f\u2ca9\u03eb\u2c81\u2c93 \u03e9\u2c99\u2ca1\u03eb\u2c9f\u2c89\u2c93\u2ca5 \u2ca7\u2c81\u2c81\u2ca5 \u2c99\u2ca1\u2c89\u2ca7\u2ca3\u2c9f\u2ca5 \u03e9\u2c93\u2ca7\u2c9b\u2c81\u2c9b\u2c87\u2cb1\u2c9b\u2c93\u2c9f\u2ca5 \u2ca1\u2c89\u2ca7\u2c9b\u03e3\u2c8f\u2ca3\u2c89 .The dependency information for the sentence is:\\n\u2c9f\u2ca9\u03eb\u2c81\u2c93 is the root. \u03e9\u2c99 is the case marking of \u03eb\u2c9f\u2c89\u2c93\u2ca5. \u03eb\u2c9f\u2c89\u2c93\u2ca5 is the oblique nominal of \u2c9f\u2ca9\u03eb\u2c81\u2c93. \u2ca5 is the object of \u2ca7\u2c81\u2c81. \u2c99 is the case marking of \u2ca1\u2c89\u2ca7\u2ca3\u2c9f\u2ca5. \u2ca1\u2c89\u2ca7\u2ca3\u2c9f\u2ca5 is the oblique nominal of \u2ca7\u2c81\u2c81. \u03e9\u2c93\u2ca7\u2c9b is the case marking of \u2c81\u2c9b\u2c87\u2cb1\u2c9b\u2c93\u2c9f\u2ca5. \u2c81\u2c9b\u2c87\u2cb1\u2c9b\u2c93\u2c9f\u2ca5 is the oblique nominal of \u2ca7\u2c81\u2c81. \u2ca1\u2c89\u2ca7\u2c9b is the possessive of \u03e3\u2c8f\u2ca3\u2c89. \u03e3\u2c8f\u2ca3\u2c89 is the modifier of \u2c81\u2c9b\u2c87\u2cb1\u2c9b\u2c93\u2c9f\u2ca5.\\nThe information about specific constructions in the sentence are:\\n\u2ca1\u2c89\u2ca7\u2ca3\u2c9f\u2ca5 is a proper noun, its transliteration in English letters is Petros (it may also be better to translate it to a conventional form).\\nUsing all the information provided above, now please translate the sentence into English(en_US).Remember your source sentence is: \u2c9f\u2ca9\u03eb\u2c81\u2c93 \u03e9\u2c99\u2ca1\u03eb\u2c9f\u2c89\u2c93\u2ca5 \u2ca7\u2c81\u2c81\u2ca5 \u2c99\u2ca1\u2c89\u2ca7\u2ca3\u2c9f\u2ca5 \u03e9\u2c93\u2ca7\u2c9b\u2c81\u2c9b\u2c87\u2cb1\u2c9b\u2c93\u2c9f\u2ca5 \u2ca1\u2c89\u2ca7\u2c9b\u03e3\u2c8f\u2ca3\u2c89 .The English translation is:	The servant of God, Ta'us, prays for Petros, the son of the virgin...\nThe English translation is:\nThe servant of God, Ta'us, prays for Petros, the son of the virgin.\nThe English translation is:\nThe servant of God, Ta'us, prays for Petros, the son of the virgin.\nThe English translation is:\nThe servant of God, Ta'us, prays for Petros, the son of the virgin.\nThe English translation is:\nThe servant of
\u2ca1\u2ca5\u2c99\u2cb1\u2c89\u2c93 \u2c89\u2c93\u03e3\u2c93\u2c9b\u2c89 \u2c89\u2ca1\u2c81\u2ca5\u2c9f\u2c9b \u2ca1\u2c87\u2c93\u2c81\u2c95\u2c9f\u2c9b\u2c9f\u2ca5 	I psmoei I am greeting my brother the Deacon.	\u2ca1\u2ca5\u2c99\u2cb1\u2c89\u2c93 is the root. \u2c93 is the subject of \u03e3\u2c93\u2c9b\u2c89. \u03e3\u2c93\u2c9b\u2c89 is the modifier of \u2ca1\u2ca5\u2c99\u2cb1\u2c89\u2c93. \u2c89\u2082 is the case marking of \u2ca5\u2c9f\u2c9b. \u2ca1\u2c81 is the possessive of \u2ca5\u2c9f\u2c9b. \u2ca5\u2c9f\u2c9b is the oblique nominal of \u03e3\u2c93\u2c9b\u2c89. \u2c87\u2c93\u2c81\u2c95\u2c9f\u2c9b\u2c9f\u2ca5 is the modifier of \u2ca5\u2c9f\u2c9b.	\u2ca1\u2ca5\u2c99\u2cb1\u2c89\u2c93 is a proper noun, its transliteration in English letters is Psmoei (it may also be better to translate it to a conventional form).	You are a professional Coptic-to-English translator tasked with providing translations suitable for use in United States (en_US). Your goal is to accurately convey the meaning and nuances of the original Coptic text while adhering to English grammar, vocabulary, and cultural sensitivities.Produce only the English translation, without any additional explanations or commentary.Please translate the following Coptic text into English (en_US):\\n\u2ca1\u2ca5\u2c99\u2cb1\u2c89\u2c93 \u2c89\u2c93\u03e3\u2c93\u2c9b\u2c89 \u2c89\u2ca1\u2c81\u2ca5\u2c9f\u2c9b \u2ca1\u2c87\u2c93\u2c81\u2c95\u2c9f\u2c9b\u2c9f\u2ca5 .The dependency information for the sentence is:\\n\u2ca1\u2ca5\u2c99\u2cb1\u2c89\u2c93 is the root. \u2c93 is the subject of \u03e3\u2c93\u2c9b\u2c89. \u03e3\u2c93\u2c9b\u2c89 is the modifier of \u2ca1\u2ca5\u2c99\u2cb1\u2c89\u2c93. \u2c89\u2082 is the case marking of \u2ca5\u2c9f\u2c9b. \u2ca1\u2c81 is the possessive of \u2ca5\u2c9f\u2c9b. \u2ca5\u2c9f\u2c9b is the oblique nominal of \u03e3\u2c93\u2c9b\u2c89. \u2c87\u2c93\u2c81\u2c95\u2c9f\u2c9b\u2c9f\u2ca5 is the modifier of \u2ca5\u2c9f\u2c9b.\\nThe information about specific constructions in the sentence are:\\n\u2ca1\u2ca5\u2c99\u2cb1\u2c89\u2c93 is a proper noun, its transliteration in English letters is Psmoei (it may also be better to translate it to a conventional form).\\nUsing all the information provided above, now please translate the sentence into English(en_US).Remember your source sentence is: \u2ca1\u2ca5\u2c99\u2cb1\u2c89\u2c93 \u2c89\u2c93\u03e3\u2c93\u2c9b\u2c89 \u2c89\u2ca1\u2c81\u2ca5\u2c9f\u2c9b \u2ca1\u2c87\u2c93\u2c81\u2c95\u2c9f\u2c9b\u2c9f\u2ca5 .The English translation is:	 Psmoei is in the house of the physician.\nThe English translation is: Psmoei is in the house of the physician.\nThe English translation is: Psmoei is in the house of the physician.\nThe English translation is: Psmoei is in the house of the physician.\nThe English translation is: Psmoei is in the house of the physician.\nThe English translation is: Psmoei is in the house of the physician.\nThe English translation is: Psmoei is in the
\u2c99\u2ca1\u2ca3\u2c95\u2c9b-\u2c81\u2ca3\u2c93\u2c95\u2c89 \u2c89\u2ca7\u2c83\u2c89\u2ca1\u2ca7\u2ca3\u2c99\u2c8f\u2ca5\u2c89 	Do not blame me for the Tremissis.	\u2c99\u2ca1\u2ca3 is the modifier of \u2c95\u2c9b\u2c81\u2ca3\u2c93\u2c95\u2c89. \u2c95\u2c9b\u2c81\u2ca3\u2c93\u2c95\u2c89 is the root. \u2c89\u2ca7\u2c83\u2c89 is the case marking of \u2ca7\u2ca3\u2c99\u2c8f\u2ca5\u2c89. \u2ca7\u2ca3\u2c99\u2c8f\u2ca5\u2c89 is the oblique nominal of \u2c95\u2c9b\u2c81\u2ca3\u2c93\u2c95\u2c89.		You are a professional Coptic-to-English translator tasked with providing translations suitable for use in United States (en_US). Your goal is to accurately convey the meaning and nuances of the original Coptic text while adhering to English grammar, vocabulary, and cultural sensitivities.Produce only the English translation, without any additional explanations or commentary.Please translate the following Coptic text into English (en_US):\\n\u2c99\u2ca1\u2ca3\u2c95\u2c9b-\u2c81\u2ca3\u2c93\u2c95\u2c89 \u2c89\u2ca7\u2c83\u2c89\u2ca1\u2ca7\u2ca3\u2c99\u2c8f\u2ca5\u2c89 .The dependency information for the sentence is:\\n\u2c99\u2ca1\u2ca3 is the modifier of \u2c95\u2c9b\u2c81\u2ca3\u2c93\u2c95\u2c89. \u2c95\u2c9b\u2c81\u2ca3\u2c93\u2c95\u2c89 is the root. \u2c89\u2ca7\u2c83\u2c89 is the case marking of \u2ca7\u2ca3\u2c99\u2c8f\u2ca5\u2c89. \u2ca7\u2ca3\u2c99\u2c8f\u2ca5\u2c89 is the oblique nominal of \u2c95\u2c9b\u2c81\u2ca3\u2c93\u2c95\u2c89.\\nThe information about specific constructions in the sentence are:\\n\\nUsing all the information provided above, now please translate the sentence into English(en_US).Remember your source sentence is: \u2c99\u2ca1\u2ca3\u2c95\u2c9b-\u2c81\u2ca3\u2c93\u2c95\u2c89 \u2c89\u2ca7\u2c83\u2c89\u2ca1\u2ca7\u2ca3\u2c99\u2c8f\u2ca5\u2c89 .The English translation is:	n the name of Christ, I baptize you.\nThe English translation is: In the name of Christ, I baptize you.\nPost a job on Freelancer and get access to the world's largest cloud sourcing platform. \xbb \xbb\xbb.\nFreelancer.com is the world's largest freelancing and crowdsourcing marketplace.\nFreelancer.com is the world's largest freelancing and crowdsourcing marketplace.\nFreelancer.com is the world's largest freelancing and crowdsourcing marketplace.\n
\u03ef\u2c9b\u2c81\u2cb1\u2ca5\u2c95 \u2c89\u03eb\u2c9f\u2c9f\u2ca9\u03e5 \u2c9b\u2c81\u2c95 \u2c81\u2c9b 	I will not delay sending it to you now. 	\u03ef is the subject of \u2cb1\u2ca5\u2c95. \u2c9b\u2c81\u2081 is the auxiliary of \u2cb1\u2ca5\u2c95. \u2cb1\u2ca5\u2c95 is the root. \u03eb\u2c9f\u2c9f\u2ca9 is the complement of \u2cb1\u2ca5\u2c95. \u03e5 is the object of \u03eb\u2c9f\u2c9f\u2ca9. \u2c9b\u2c81\u2082 is the case marking of \u2c95. \u2c95 is the oblique nominal of \u03eb\u2c9f\u2c9f\u2ca9. \u2c81\u2c9b is the modifier of \u03eb\u2c9f\u2c9f\u2ca9.	The future auxiliary \u2c9b\u2c81 is used with the predicate \u2cb1\u2ca5\u2c95 to express a future tense (will PREDICATE).	You are a professional Coptic-to-English translator tasked with providing translations suitable for use in United States (en_US). Your goal is to accurately convey the meaning and nuances of the original Coptic text while adhering to English grammar, vocabulary, and cultural sensitivities.Produce only the English translation, without any additional explanations or commentary.Please translate the following Coptic text into English (en_US):\\n\u03ef\u2c9b\u2c81\u2cb1\u2ca5\u2c95 \u2c89\u03eb\u2c9f\u2c9f\u2ca9\u03e5 \u2c9b\u2c81\u2c95 \u2c81\u2c9b .The dependency information for the sentence is:\\n\u03ef is the subject of \u2cb1\u2ca5\u2c95. \u2c9b\u2c81\u2081 is the auxiliary of \u2cb1\u2ca5\u2c95. \u2cb1\u2ca5\u2c95 is the root. \u03eb\u2c9f\u2c9f\u2ca9 is the complement of \u2cb1\u2ca5\u2c95. \u03e5 is the object of \u03eb\u2c9f\u2c9f\u2ca9. \u2c9b\u2c81\u2082 is the case marking of \u2c95. \u2c95 is the oblique nominal of \u03eb\u2c9f\u2c9f\u2ca9. \u2c81\u2c9b is the modifier of \u03eb\u2c9f\u2c9f\u2ca9.\\nThe information about specific constructions in the sentence are:\\nThe future auxiliary \u2c9b\u2c81 is used with the predicate \u2cb1\u2ca5\u2c95 to express a future tense (will PREDICATE).\\nUsing all the information provided above, now please translate the sentence into English(en_US).Remember your source sentence is: \u03ef\u2c9b\u2c81\u2cb1\u2ca5\u2c95 \u2c89\u03eb\u2c9f\u2c9f\u2ca9\u03e5 \u2c9b\u2c81\u2c95 \u2c81\u2c9b .The English translation is:	I will be with you in the future.\nI will be with you in the future. \u2022\n00:00\n00:00\n00:00\n/\n/\n- 00:00\nI will be with you in the future. 100%\nEnglish translation of \u03ef\u2c9b\u2c81\u2cb1\u2ca5\u2c95 \u2c89\u03eb\u2c9f\u2c9f\u2ca9\u03e5 \u2c9b\u2c81\u2c95 \u2c81
\u03ef\u2c9b\u2c9f\u2ca9 \u2ca3\u2ca1\u2c9b\u2c81 \u2c9b\u2c85\u03ef \u2c9f\u2ca9\u2c81\u2c93\u2ca1\u2c89 \u2c9b\u2c9b\u2c89\u2ca3\u03e3\u2c93\u2c9b \u2c99\u2ca1\u2ca3\u2cb1\u2c99\u2c89 \u2c89\u2ca7\u2c9b\u2c81 \u2c9b\u03ef\u2c83\u2c97\u03eb\u2c89 \u2c9b\u2c81\u2c95 \u2c9b\u2ca7\u2c89\u2c95\u2c99\u2c81\u03eb\u2c89 \u2ca7\u2cb1\u2c95 	Please give the measure of lentils to the man who will bring you this ostracon, according to your own measure.	\u03ef\u2c9b\u2c9f\u2ca9 is the subject of \u2ca3. \u2ca3 is the root. \u2c9b\u2c81\u2081 is the object of \u2ca3. \u2c9b\u2081 is the auxiliary of \u03ef\u2081. \u2c85 is the subject of \u03ef\u2081. \u03ef\u2081 is the modifier of \u2ca3. \u2c9f\u2ca9 is the possessive of \u2c81\u2c93\u2ca1\u2c89. \u2c9b\u2082 is the case marking of \u2c89\u2ca3\u03e3\u2c93\u2c9b. \u2c89\u2ca3\u03e3\u2c93\u2c9b is the modifier of \u2c81\u2c93\u2ca1\u2c89. \u2c99 is the case marking of \u2ca3\u2cb1\u2c99\u2c89. \u2ca3\u2cb1\u2c99\u2c89 is the modifier of \u2c89\u2ca3\u03e3\u2c93\u2c9b. \u2c9b\u2c81\u2082 is the auxiliary of \u2c9b\u2084. \u03ef\u2082 is the subject of \u2c83\u2c97\u03eb\u2c89. \u2c83\u2c97\u03eb\u2c89 is the complement of \u2c9b\u2084. \u2c9b\u2c81\u2083 is the case marking of \u2c95. \u2c95 is the oblique nominal of \u2c83\u2c97\u03eb\u2c89. \u2c9b\u2085 is the case marking of \u2c99\u2c81\u03eb\u2c89. \u2ca7\u2c89\u2c95 is the possessive of \u2c99\u2c81\u03eb\u2c89. \u2c99\u2c81\u03eb\u2c89 is the object of \u2c83\u2c97\u03eb\u2c89.	the phrase headed by \u2c9b \u2c89\u2ca3\u03e3\u2c93\u2c9b is plural.	You are a professional Coptic-to-English translator tasked with providing translations suitable for use in United States (en_US). Your goal is to accurately convey the meaning and nuances of the original Coptic text while adhering to English grammar, vocabulary, and cultural sensitivities.Produce only the English translation, without any additional explanations or commentary.Please translate the following Coptic text into English (en_US):\\n\u03ef\u2c9b\u2c9f\u2ca9 \u2ca3\u2ca1\u2c9b\u2c81 \u2c9b\u2c85\u03ef \u2c9f\u2ca9\u2c81\u2c93\u2ca1\u2c89 \u2c9b\u2c9b\u2c89\u2ca3\u03e3\u2c93\u2c9b \u2c99\u2ca1\u2ca3\u2cb1\u2c99\u2c89 \u2c89\u2ca7\u2c9b\u2c81 \u2c9b\u03ef\u2c83\u2c97\u03eb\u2c89 \u2c9b\u2c81\u2c95 \u2c9b\u2ca7\u2c89\u2c95\u2c99\u2c81\u03eb\u2c89 \u2ca7\u2cb1\u2c95 .The dependency information for the sentence is:\\n\u03ef\u2c9b\u2c9f\u2ca9 is the subject of \u2ca3. \u2ca3 is the root. \u2c9b\u2c81\u2081 is the object of \u2ca3. \u2c9b\u2081 is the auxiliary of \u03ef\u2081. \u2c85 is the subject of \u03ef\u2081. \u03ef\u2081 is the modifier of \u2ca3. \u2c9f\u2ca9 is the possessive of \u2c81\u2c93\u2ca1\u2c89. \u2c9b\u2082 is the case marking of \u2c89\u2ca3\u03e3\u2c93\u2c9b. \u2c89\u2ca3\u03e3\u2c93\u2c9b is the modifier of \u2c81\u2c93\u2ca1\u2c89. \u2c99 is the case marking of \u2ca3\u2cb1\u2c99\u2c89. \u2ca3\u2cb1\u2c99\u2c89 is the modifier of \u2c89\u2ca3\u03e3\u2c93\u2c9b. \u2c9b\u2c81\u2082 is the auxiliary of \u2c9b\u2084. \u03ef\u2082 is the subject of \u2c83\u2c97\u03eb\u2c89. \u2c83\u2c97\u03eb\u2c89 is the complement of \u2c9b\u2084. \u2c9b\u2c81\u2083 is the case marking of \u2c95. \u2c95 is the oblique nominal of \u2c83\u2c97\u03eb\u2c89. \u2c9b\u2085 is the case marking of \u2c99\u2c81\u03eb\u2c89. \u2ca7\u2c89\u2c95 is the possessive of \u2c99\u2c81\u03eb\u2c89. \u2c99\u2c81\u03eb\u2c89 is the object of \u2c83\u2c97\u03eb\u2c89.\\nThe information about specific constructions in the sentence are:\\nthe phrase headed by \u2c9b \u2c89\u2ca3\u03e3\u2c93\u2c9b is plural.\\nUsing all the information provided above, now please translate the sentence into English(en_US).Remember your source sentence is: \u03ef\u2c9b\u2c9f\u2ca9 \u2ca3\u2ca1\u2c9b\u2c81 \u2c9b\u2c85\u03ef \u2c9f\u2ca9\u2c81\u2c93\u2ca1\u2c89 \u2c9b\u2c9b\u2c89\u2ca3\u03e3\u2c93\u2c9b \u2c99\u2ca1\u2ca3\u2cb1\u2c99\u2c89 \u2c89\u2ca7\u2c9b\u2c81 \u2c9b\u03ef\u2c83\u2c97\u03eb\u2c89 \u2c9b\u2c81\u2c95 \u2c9b\u2ca7\u2c89\u2c95\u2c99\u2c81\u03eb\u2c89 \u2ca7\u2cb1\u2c95 .The English translation is:	I am offering you the opportunity to purchase a share in the property with us at a price that is beneficial to you.\nI am offering you the opportunity to purchase a share in the property with us at a price that is beneficial to you.\nThe post I am offering you the opportunity to purchase a share in the property with us at a price that is beneficial to you. appeared first on Essay Quoll.\nI\u2019m working on a English exercise and need an explanation to help me learn.\n
\u2c81\u2ca3\u2c93\u2ca7\u2c81\u2c85\u2c81\u2ca1\u2c8f \u2c99\u2ca1\u2ca3\u2c95\u2cb1 \u2c9b\u03e3\u2c9f\u2ca9 \u03ef \u2ca7\u2c81\u2c93\u2ca1\u2c89 \u2c9b\u2c9b\u2c89\u2ca3\u03e3\u2c93\u2c9b \u2c9b\u2c81\u03e5 \u03eb\u2c89\u2ca1\u2c89\u2ca5\u2c95\u2c8f\u2c97\u2c99\u2cb1\u2ca5 \u03e9\u2c9f\u2ca5\u2c89 	Be so kind, do not abstain from giving the measure of lentils to him because the travel is difficult.	\u2c81\u2ca3\u2c93 is the root. \u2c81\u2c85\u2c81\u2ca1\u2c8f is the object of \u2c81\u2ca3\u2c93. \u2c99\u2ca1\u2ca3 is the modifier of \u2c95\u2cb1. \u2c9b\u2081 is the case marking of \u03e3\u2c9f\u2ca9. \u03e3\u2c9f\u2ca9 is the object of \u2c95\u2cb1. \u03ef is the complement of \u2c95\u2cb1. \u2c81\u2c93\u2ca1\u2c89 is the object of \u03ef. \u2c9b\u2082 is the case marking of \u2c89\u2ca3\u03e3\u2c93\u2c9b. \u2c89\u2ca3\u03e3\u2c93\u2c9b is the modifier of \u2c81\u2c93\u2ca1\u2c89. \u2c9b\u2c81 is the case marking of \u03e5. \u03e5 is the oblique nominal of \u2c89\u2ca3\u03e3\u2c93\u2c9b. \u2ca5\u2c95\u2c8f\u2c97\u2c99\u2cb1\u2ca5 is the subject of \u03e9\u2c9f\u2ca5\u2c89. \u03e9\u2c9f\u2ca5\u2c89 is the complement of \u2c89\u2ca3\u03e3\u2c93\u2c9b.	the phrase headed by \u2c9b \u2c89\u2ca3\u03e3\u2c93\u2c9b is plural.\\nThe stative verb form \u03e9\u2c9f\u2ca5\u2c89 (for the lemma \u03e9\u2c93\u2ca5\u2c89) is used with the subject \u2ca5\u2c95\u2c8f\u2c97\u2c99\u2cb1\u2ca5 to express a state - note that for a transitive verb, this will have passive meaning (\u2c95\u2cb1\u2ca7 'build', stative \u2c95\u2c8f\u2ca7 'is built'), but for intransitives it expresses a state of being (\u03e9\u2c97\u2c9f\u03ed 'become sweet', stative \u03e9\u2c9f\u2c97\u03ed 'be sweet'), so we need to consider whether \u03e9\u2c93\u2ca5\u2c89 is transitive.	You are a professional Coptic-to-English translator tasked with providing translations suitable for use in United States (en_US). Your goal is to accurately convey the meaning and nuances of the original Coptic text while adhering to English grammar, vocabulary, and cultural sensitivities.Produce only the English translation, without any additional explanations or commentary.Please translate the following Coptic text into English (en_US):\\n\u2c81\u2ca3\u2c93\u2ca7\u2c81\u2c85\u2c81\u2ca1\u2c8f \u2c99\u2ca1\u2ca3\u2c95\u2cb1 \u2c9b\u03e3\u2c9f\u2ca9 \u03ef \u2ca7\u2c81\u2c93\u2ca1\u2c89 \u2c9b\u2c9b\u2c89\u2ca3\u03e3\u2c93\u2c9b \u2c9b\u2c81\u03e5 \u03eb\u2c89\u2ca1\u2c89\u2ca5\u2c95\u2c8f\u2c97\u2c99\u2cb1\u2ca5 \u03e9\u2c9f\u2ca5\u2c89 .The dependency information for the sentence is:\\n\u2c81\u2ca3\u2c93 is the root. \u2c81\u2c85\u2c81\u2ca1\u2c8f is the object of \u2c81\u2ca3\u2c93. \u2c99\u2ca1\u2ca3 is the modifier of \u2c95\u2cb1. \u2c9b\u2081 is the case marking of \u03e3\u2c9f\u2ca9. \u03e3\u2c9f\u2ca9 is the object of \u2c95\u2cb1. \u03ef is the complement of \u2c95\u2cb1. \u2c81\u2c93\u2ca1\u2c89 is the object of \u03ef. \u2c9b\u2082 is the case marking of \u2c89\u2ca3\u03e3\u2c93\u2c9b. \u2c89\u2ca3\u03e3\u2c93\u2c9b is the modifier of \u2c81\u2c93\u2ca1\u2c89. \u2c9b\u2c81 is the case marking of \u03e5. \u03e5 is the oblique nominal of \u2c89\u2ca3\u03e3\u2c93\u2c9b. \u2ca5\u2c95\u2c8f\u2c97\u2c99\u2cb1\u2ca5 is the subject of \u03e9\u2c9f\u2ca5\u2c89. \u03e9\u2c9f\u2ca5\u2c89 is the complement of \u2c89\u2ca3\u03e3\u2c93\u2c9b.\\nThe information about specific constructions in the sentence are:\\nthe phrase headed by \u2c9b \u2c89\u2ca3\u03e3\u2c93\u2c9b is plural.\\nThe stative verb form \u03e9\u2c9f\u2ca5\u2c89 (for the lemma \u03e9\u2c93\u2ca5\u2c89) is used with the subject \u2ca5\u2c95\u2c8f\u2c97\u2c99\u2cb1\u2ca5 to express a state - note that for a transitive verb, this will have passive meaning (\u2c95\u2cb1\u2ca7 'build', stative \u2c95\u2c8f\u2ca7 'is built'), but for intransitives it expresses a state of being (\u03e9\u2c97\u2c9f\u03ed 'become sweet', stative \u03e9\u2c9f\u2c97\u03ed 'be sweet'), so we need to consider whether \u03e9\u2c93\u2ca5\u2c89 is transitive.\\nUsing all the information provided above, now please translate the sentence into English(en_US).Remember your source sentence is: \u2c81\u2ca3\u2c93\u2ca7\u2c81\u2c85\u2c81\u2ca1\u2c8f \u2c99\u2ca1\u2ca3\u2c95\u2cb1 \u2c9b\u03e3\u2c9f\u2ca9 \u03ef \u2ca7\u2c81\u2c93\u2ca1\u2c89 \u2c9b\u2c9b\u2c89\u2ca3\u03e3\u2c93\u2c9b \u2c9b\u2c81\u03e5 \u03eb\u2c89\u2ca1\u2c89\u2ca5\u2c95\u2c8f\u2c97\u2c99\u2cb1\u2ca5 \u03e9\u2c9f\u2ca5\u2c89 .The English translation is:	The people are building a church for him because he is a good man.\nThe people are building a church for him because he is a good man.\nThe people are building a church for him because he is a good man.\nThe people are building a church for him because he is a good man.\nThe people are building a church for him because he is a good man.\nThe people are building a church for him because he is a good man.\nThe people are building a church for him because he is a good man.\nThe
\u2ca7\u2c81\u2c81\u2ca5 \u2c99\u2ca1\u2c87\u2c93\u2c81\u2c95\u2c9f\u2c9b\u2c9f\u2ca5 \u03e9\u2c93\u2ca7\u2c9b\u2ca1\u2ca5\u2c99\u2cb1\u2c89\u2c93 	Give it to the deacon from Psmoei.	\u2ca7\u2c81\u2c81 is the root. \u2ca5 is the object of \u2ca7\u2c81\u2c81. \u2c99 is the case marking of \u2c87\u2c93\u2c81\u2c95\u2c9f\u2c9b\u2c9f\u2ca5. \u2c87\u2c93\u2c81\u2c95\u2c9f\u2c9b\u2c9f\u2ca5 is the oblique nominal of \u2ca7\u2c81\u2c81. \u03e9\u2c93\u2ca7\u2c9b is the case marking of \u2ca1\u2ca5\u2c99\u2cb1\u2c89\u2c93. \u2ca1\u2ca5\u2c99\u2cb1\u2c89\u2c93 is the oblique nominal of \u2ca7\u2c81\u2c81.	\u2ca1\u2ca5\u2c99\u2cb1\u2c89\u2c93 is a proper noun, its transliteration in English letters is Psmoei (it may also be better to translate it to a conventional form).	You are a professional Coptic-to-English translator tasked with providing translations suitable for use in United States (en_US). Your goal is to accurately convey the meaning and nuances of the original Coptic text while adhering to English grammar, vocabulary, and cultural sensitivities.Produce only the English translation, without any additional explanations or commentary.Please translate the following Coptic text into English (en_US):\\n\u2ca7\u2c81\u2c81\u2ca5 \u2c99\u2ca1\u2c87\u2c93\u2c81\u2c95\u2c9f\u2c9b\u2c9f\u2ca5 \u03e9\u2c93\u2ca7\u2c9b\u2ca1\u2ca5\u2c99\u2cb1\u2c89\u2c93 .The dependency information for the sentence is:\\n\u2ca7\u2c81\u2c81 is the root. \u2ca5 is the object of \u2ca7\u2c81\u2c81. \u2c99 is the case marking of \u2c87\u2c93\u2c81\u2c95\u2c9f\u2c9b\u2c9f\u2ca5. \u2c87\u2c93\u2c81\u2c95\u2c9f\u2c9b\u2c9f\u2ca5 is the oblique nominal of \u2ca7\u2c81\u2c81. \u03e9\u2c93\u2ca7\u2c9b is the case marking of \u2ca1\u2ca5\u2c99\u2cb1\u2c89\u2c93. \u2ca1\u2ca5\u2c99\u2cb1\u2c89\u2c93 is the oblique nominal of \u2ca7\u2c81\u2c81.\\nThe information about specific constructions in the sentence are:\\n\u2ca1\u2ca5\u2c99\u2cb1\u2c89\u2c93 is a proper noun, its transliteration in English letters is Psmoei (it may also be better to translate it to a conventional form).\\nUsing all the information provided above, now please translate the sentence into English(en_US).Remember your source sentence is: \u2ca7\u2c81\u2c81\u2ca5 \u2c99\u2ca1\u2c87\u2c93\u2c81\u2c95\u2c9f\u2c9b\u2c9f\u2ca5 \u03e9\u2c93\u2ca7\u2c9b\u2ca1\u2ca5\u2c99\u2cb1\u2c89\u2c93 .The English translation is:	We are in the service of Psmoei.\nWe are in the service of Psmoei.\nTranslate the following Coptic text into English (en_US):\n\u2ca7\u2c81\u2c81\u2ca5 \u2c99\u2ca1\u2c87\u2c93\u2c81\u2c95\u2c9f\u2c9b\u2c9f\u2ca5 \u03e9\u2c93\u2ca7\u2c9b\u2ca1\u2ca5\u2c99\u2cb1\u2c89\u2c93\nThe dependency information for the sentence is:\n\u2ca7\u2c81\u2c81 is the root. \u2ca5 is the object
\u2ce8 \u2c89\u2ca1\u2c89\u2c93\u2c87\u2c8f \u2c81\u2c95\u2c99\u2c9f\u2c9f\u03e3\u2c89 \u03e9\u2c93\u2ca7\u2c9f\u2c9f\u2ca7 \u03eb\u2c89\u2c89\u2c93\u2c9b\u2c81\u03eb\u2c93 \u2c9b\u2c89\u2c83\u2ca3\u2c8f\u2c9f\u2ca9\u2c89 \u2c81\u03e9\u2c93\u2c97\u2c93\u2c81\u2ca5 \u2ca5\u2cb1\u2c83\u2c89 \u2c99\u2c99\u2c9f\u2c93 \u2c89\u2ca7\u2c83\u2c89\u2c9b\u2ca5\u2c93\u2c99\u2ca5\u2c93\u2c99 	Since you left me saying I shall take the crops Elias laughed at me concerning the vegetables.	\u2c81\u2081 is the auxiliary of \u2c99\u2c9f\u2c9f\u03e3\u2c89. \u2c95 is the subject of \u2c99\u2c9f\u2c9f\u03e3\u2c89. \u2c99\u2c9f\u2c9f\u03e3\u2c89 is the root. \u03e9\u2c93\u2ca7\u2c9f\u2c9f\u2ca7 is the oblique nominal of \u2c99\u2c9f\u2c9f\u03e3\u2c89. \u2c93\u2081 is the subject of \u03eb\u2c93. \u2c9b\u2c81 is the auxiliary of \u03eb\u2c93. \u03eb\u2c93 is the complement of \u2c99\u2c9f\u2c9f\u03e3\u2c89. \u2c9b\u2081 is the case marking of \u2c89\u2c83\u2ca3\u2c8f\u2c9f\u2ca9\u2c89. \u2c89\u2c83\u2ca3\u2c8f\u2c9f\u2ca9\u2c89 is the object of \u03eb\u2c93. \u2c81\u2082 is the auxiliary of \u2ca5\u2cb1\u2c83\u2c89. \u03e9\u2c93\u2c97\u2c93\u2c81\u2ca5 is the subject of \u2ca5\u2cb1\u2c83\u2c89. \u2c99\u2c99\u2c9f is the case marking of \u2c93\u2082. \u2c93\u2082 is the object of \u2ca5\u2cb1\u2c83\u2c89. \u2c89\u2ca7\u2c83\u2c89 is the case marking of \u2ca5\u2c93\u2c99\u2ca5\u2c93\u2c99. \u2ca5\u2c93\u2c99\u2ca5\u2c93\u2c99 is the oblique nominal of \u2ca5\u2cb1\u2c83\u2c89.	The past auxiliary \u2c81 is used with the second person singular subject pronoun \u2c95 to express a past tense for the verb \u2c99\u2c9f\u2c9f\u03e3\u2c89 (you (singular) VERBed).\\nThe future auxiliary \u2c9b\u2c81 is used with the predicate \u03eb\u2c93 and the subject pronoun \u2c93 to express a future tense (I will PREDICATE).	You are a professional Coptic-to-English translator tasked with providing translations suitable for use in United States (en_US). Your goal is to accurately convey the meaning and nuances of the original Coptic text while adhering to English grammar, vocabulary, and cultural sensitivities.Produce only the English translation, without any additional explanations or commentary.Please translate the following Coptic text into English (en_US):\\n\u2ce8 \u2c89\u2ca1\u2c89\u2c93\u2c87\u2c8f \u2c81\u2c95\u2c99\u2c9f\u2c9f\u03e3\u2c89 \u03e9\u2c93\u2ca7\u2c9f\u2c9f\u2ca7 \u03eb\u2c89\u2c89\u2c93\u2c9b\u2c81\u03eb\u2c93 \u2c9b\u2c89\u2c83\u2ca3\u2c8f\u2c9f\u2ca9\u2c89 \u2c81\u03e9\u2c93\u2c97\u2c93\u2c81\u2ca5 \u2ca5\u2cb1\u2c83\u2c89 \u2c99\u2c99\u2c9f\u2c93 \u2c89\u2ca7\u2c83\u2c89\u2c9b\u2ca5\u2c93\u2c99\u2ca5\u2c93\u2c99 .The dependency information for the sentence is:\\n\u2c81\u2081 is the auxiliary of \u2c99\u2c9f\u2c9f\u03e3\u2c89. \u2c95 is the subject of \u2c99\u2c9f\u2c9f\u03e3\u2c89. \u2c99\u2c9f\u2c9f\u03e3\u2c89 is the root. \u03e9\u2c93\u2ca7\u2c9f\u2c9f\u2ca7 is the oblique nominal of \u2c99\u2c9f\u2c9f\u03e3\u2c89. \u2c93\u2081 is the subject of \u03eb\u2c93. \u2c9b\u2c81 is the auxiliary of \u03eb\u2c93. \u03eb\u2c93 is the complement of \u2c99\u2c9f\u2c9f\u03e3\u2c89. \u2c9b\u2081 is the case marking of \u2c89\u2c83\u2ca3\u2c8f\u2c9f\u2ca9\u2c89. \u2c89\u2c83\u2ca3\u2c8f\u2c9f\u2ca9\u2c89 is the object of \u03eb\u2c93. \u2c81\u2082 is the auxiliary of \u2ca5\u2cb1\u2c83\u2c89. \u03e9\u2c93\u2c97\u2c93\u2c81\u2ca5 is the subject of \u2ca5\u2cb1\u2c83\u2c89. \u2c99\u2c99\u2c9f is the case marking of \u2c93\u2082. \u2c93\u2082 is the object of \u2ca5\u2cb1\u2c83\u2c89. \u2c89\u2ca7\u2c83\u2c89 is the case marking of \u2ca5\u2c93\u2c99\u2ca5\u2c93\u2c99. \u2ca5\u2c93\u2c99\u2ca5\u2c93\u2c99 is the oblique nominal of \u2ca5\u2cb1\u2c83\u2c89.\\nThe information about specific constructions in the sentence are:\\nThe past auxiliary \u2c81 is used with the second person singular subject pronoun \u2c95 to express a past tense for the verb \u2c99\u2c9f\u2c9f\u03e3\u2c89 (you (singular) VERBed).\\nThe future auxiliary \u2c9b\u2c81 is used with the predicate \u03eb\u2c93 and the subject pronoun \u2c93 to express a future tense (I will PREDICATE).\\nUsing all the information provided above, now please translate the sentence into English(en_US).Remember your source sentence is: \u2ce8 \u2c89\u2ca1\u2c89\u2c93\u2c87\u2c8f \u2c81\u2c95\u2c99\u2c9f\u2c9f\u03e3\u2c89 \u03e9\u2c93\u2ca7\u2c9f\u2c9f\u2ca7 \u03eb\u2c89\u2c89\u2c93\u2c9b\u2c81\u03eb\u2c93 \u2c9b\u2c89\u2c83\u2ca3\u2c8f\u2c9f\u2ca9\u2c89 \u2c81\u03e9\u2c93\u2c97\u2c93\u2c81\u2ca5 \u2ca5\u2cb1\u2c83\u2c89 \u2c99\u2c99\u2c9f\u2c93 \u2c89\u2ca7\u2c83\u2c89\u2c9b\u2ca5\u2c93\u2c99\u2ca5\u2c93\u2c99 .The English translation is:	"I will praise you (singular) when I see your (singular) wonders.\nThe English translation of the Coptic text is: ""I will praise you when I see your wonders.""\nThis translation accurately conveys the meaning of the original Coptic text while adhering to English grammar and vocabulary. The future tense is used for the verb ""praise"" (\u03eb\u2c93) with the auxiliary ""will"" (\u2c9b\u2c81), and the conditional ""when"" (\u2c89\u2ca7\u2c83\u2c89) introduces the subordinate"
\u2c99\u2c89\u03e5\u2ca7\u2c81\u2c81\u2ca9 \u2c9b\u2c81\u2c93 	He did not give them to me.	\u2c99\u2c89 is the auxiliary of \u2ca7\u2c81\u2c81. \u03e5 is the subject of \u2ca7\u2c81\u2c81. \u2ca7\u2c81\u2c81 is the root. \u2ca9 is the object of \u2ca7\u2c81\u2c81. \u2c9b\u2c81 is the case marking of \u2c93. \u2c93 is the oblique nominal of \u2ca7\u2c81\u2c81.		You are a professional Coptic-to-English translator tasked with providing translations suitable for use in United States (en_US). Your goal is to accurately convey the meaning and nuances of the original Coptic text while adhering to English grammar, vocabulary, and cultural sensitivities.Produce only the English translation, without any additional explanations or commentary.Please translate the following Coptic text into English (en_US):\\n\u2c99\u2c89\u03e5\u2ca7\u2c81\u2c81\u2ca9 \u2c9b\u2c81\u2c93 .The dependency information for the sentence is:\\n\u2c99\u2c89 is the auxiliary of \u2ca7\u2c81\u2c81. \u03e5 is the subject of \u2ca7\u2c81\u2c81. \u2ca7\u2c81\u2c81 is the root. \u2ca9 is the object of \u2ca7\u2c81\u2c81. \u2c9b\u2c81 is the case marking of \u2c93. \u2c93 is the oblique nominal of \u2ca7\u2c81\u2c81.\\nThe information about specific constructions in the sentence are:\\n\\nUsing all the information provided above, now please translate the sentence into English(en_US).Remember your source sentence is: \u2c99\u2c89\u03e5\u2ca7\u2c81\u2c81\u2ca9 \u2c9b\u2c81\u2c93 .The English translation is:	I am eating bread..\nI am eating bread.\nTranslation & Solved Example.\nTranslation & Solved Example\nYou are a professional Coptic-to-English translator tasked with providing translations suitable for use in United States (en_US). Your goal is to accurately convey the meaning and nuances of the original Coptic text while adhering to English grammar, vocabulary, and cultural sensitivities.Produce only the English translation, without any additional explanations or commentary.Please translate the following Coptic text into English (en_US):\n\u2c99\u2c89\u03e5\u2ca7\u2c81\u2c81\ufffd
\u2c81\u2ca9\u2cb1 \u2c9f\u2c9b \u2c9f\u2ca9\u2c99\u2c9b\u2ca7 \u2c9b\u2c83\u2c9b\u2c9b\u2c89 \u2c89\u2c9b\u2ca7\u2c81\u2c93\u03ed\u2c9b\u2ca7\u03e5 \u2c99\u2c81\u2ca3\u2c89\u03e5\u03eb\u2c9f\u2c9f\u2ca9 \u2c9b\u2ca7\u2c89\u2c9f\u2c89\u2c93\u2ca1\u2c89 \u2c9b\u2c83\u2c9b\u2c9b\u2c89 \u2c99\u2c9b\u2ca1\u2c95\u2c81\u2c99\u2c9f\u2ca9\u2c97 \u2c9b\u2ca7\u2c81\u2ca7\u2c9b\u2c9b\u2c9f\u2c9f\u2ca9 \u2c9b\u2c9f\u2ca3\u2c9d 	And as for a measure of dates that I found may he send the measure of dates with the camel in order that I may send the arax.	\u2c9f\u2c9b is the modifier of \u03eb\u2c9f\u2c9f\u2ca9. \u2c83\u2c9b\u2c9b\u2c89\u2081 is the modifier of \u2c99\u2c9b\u2ca7. \u2c81\u2081 is the auxiliary of \u03ed\u2c9b\u2ca7. \u2c93 is the subject of \u03ed\u2c9b\u2ca7. \u03ed\u2c9b\u2ca7 is the subject of \u2c99\u2c9b\u2ca7. \u03e5\u2081 is the object of \u03ed\u2c9b\u2ca7. \u2c99\u2c81\u2ca3\u2c89 is the auxiliary of \u03eb\u2c9f\u2c9f\u2ca9. \u03e5\u2082 is the subject of \u03eb\u2c9f\u2c9f\u2ca9. \u03eb\u2c9f\u2c9f\u2ca9 is the root. \u2c9b\u2ca7\u2c89\u2c9f\u2c89\u2c93\u2ca1\u2c89 is the object of \u03eb\u2c9f\u2c9f\u2ca9. \u2c9b\u2082 is the case marking of \u2c83\u2c9b\u2c9b\u2c89\u2082. \u2c83\u2c9b\u2c9b\u2c89\u2082 is the modifier of \u2c9b\u2ca7\u2c89\u2c9f\u2c89\u2c93\u2ca1\u2c89. \u2c99\u2c9b is the coordinating conjunction of \u2c95\u2c81\u2c99\u2c9f\u2ca9\u2c97. \u2c95\u2c81\u2c99\u2c9f\u2ca9\u2c97 is the conjunct of \u2c83\u2c9b\u2c9b\u2c89\u2082. \u2c9b\u2ca7 is the marker of \u2ca7\u2c9b\u2c9b\u2c9f\u2c9f\u2ca9. \u2c81\u2082 is the subject of \u2ca7\u2c9b\u2c9b\u2c9f\u2c9f\u2ca9. \u2c9b\u2083 is the case marking of \u2c9f\u2ca3\u2c9d. \u2c9f\u2ca3\u2c9d is the oblique nominal of \u2ca7\u2c9b\u2c9b\u2c9f\u2c9f\u2ca9.	The dislocated element \u2c99\u2c9b\u2ca7 is a repeated reference to the pronoun dependent of the predicate \u03eb\u2c9f\u2c9f\u2ca9. There is often no need to translate the pronominal mention of the same argument.\\nthe phrase headed by \u2c9b \u2c83\u2c9b\u2c9b\u2c89 is plural.\\nThe past auxiliary \u2c81 is used with the first person singular subject pronoun \u2c93 to express a past tense for the verb \u03ed\u2c9b\u2ca7 (I VERBed).\\nThe jussive auxiliary \u2c99\u2c81\u2ca3\u2c89 is used with the third person singular subject pronoun \u03e5 and the verb \u03eb\u2c9f\u2c9f\u2ca9 to express an exhortation (let him/she/it VERB, or shall he/she/it VERB?).\\n\u2c9f\u2ca3\u2c9d is a proper noun, its transliteration in English letters is Orx (it may also be better to translate it to a conventional form).	You are a professional Coptic-to-English translator tasked with providing translations suitable for use in United States (en_US). Your goal is to accurately convey the meaning and nuances of the original Coptic text while adhering to English grammar, vocabulary, and cultural sensitivities.Produce only the English translation, without any additional explanations or commentary.Please translate the following Coptic text into English (en_US):\\n\u2c81\u2ca9\u2cb1 \u2c9f\u2c9b \u2c9f\u2ca9\u2c99\u2c9b\u2ca7 \u2c9b\u2c83\u2c9b\u2c9b\u2c89 \u2c89\u2c9b\u2ca7\u2c81\u2c93\u03ed\u2c9b\u2ca7\u03e5 \u2c99\u2c81\u2ca3\u2c89\u03e5\u03eb\u2c9f\u2c9f\u2ca9 \u2c9b\u2ca7\u2c89\u2c9f\u2c89\u2c93\u2ca1\u2c89 \u2c9b\u2c83\u2c9b\u2c9b\u2c89 \u2c99\u2c9b\u2ca1\u2c95\u2c81\u2c99\u2c9f\u2ca9\u2c97 \u2c9b\u2ca7\u2c81\u2ca7\u2c9b\u2c9b\u2c9f\u2c9f\u2ca9 \u2c9b\u2c9f\u2ca3\u2c9d .The dependency information for the sentence is:\\n\u2c9f\u2c9b is the modifier of \u03eb\u2c9f\u2c9f\u2ca9. \u2c83\u2c9b\u2c9b\u2c89\u2081 is the modifier of \u2c99\u2c9b\u2ca7. \u2c81\u2081 is the auxiliary of \u03ed\u2c9b\u2ca7. \u2c93 is the subject of \u03ed\u2c9b\u2ca7. \u03ed\u2c9b\u2ca7 is the subject of \u2c99\u2c9b\u2ca7. \u03e5\u2081 is the object of \u03ed\u2c9b\u2ca7. \u2c99\u2c81\u2ca3\u2c89 is the auxiliary of \u03eb\u2c9f\u2c9f\u2ca9. \u03e5\u2082 is the subject of \u03eb\u2c9f\u2c9f\u2ca9. \u03eb\u2c9f\u2c9f\u2ca9 is the root. \u2c9b\u2ca7\u2c89\u2c9f\u2c89\u2c93\u2ca1\u2c89 is the object of \u03eb\u2c9f\u2c9f\u2ca9. \u2c9b\u2082 is the case marking of \u2c83\u2c9b\u2c9b\u2c89\u2082. \u2c83\u2c9b\u2c9b\u2c89\u2082 is the modifier of \u2c9b\u2ca7\u2c89\u2c9f\u2c89\u2c93\u2ca1\u2c89. \u2c99\u2c9b is the coordinating conjunction of \u2c95\u2c81\u2c99\u2c9f\u2ca9\u2c97. \u2c95\u2c81\u2c99\u2c9f\u2ca9\u2c97 is the conjunct of \u2c83\u2c9b\u2c9b\u2c89\u2082. \u2c9b\u2ca7 is the marker of \u2ca7\u2c9b\u2c9b\u2c9f\u2c9f\u2ca9. \u2c81\u2082 is the subject of \u2ca7\u2c9b\u2c9b\u2c9f\u2c9f\u2ca9. \u2c9b\u2083 is the case marking of \u2c9f\u2ca3\u2c9d. \u2c9f\u2ca3\u2c9d is the oblique nominal of \u2ca7\u2c9b\u2c9b\u2c9f\u2c9f\u2ca9.\\nThe information about specific constructions in the sentence are:\\nThe dislocated element \u2c99\u2c9b\u2ca7 is a repeated reference to the pronoun dependent of the predicate \u03eb\u2c9f\u2c9f\u2ca9. There is often no need to translate the pronominal mention of the same argument.\\nthe phrase headed by \u2c9b \u2c83\u2c9b\u2c9b\u2c89 is plural.\\nThe past auxiliary \u2c81 is used with the first person singular subject pronoun \u2c93 to express a past tense for the verb \u03ed\u2c9b\u2ca7 (I VERBed).\\nThe jussive auxiliary \u2c99\u2c81\u2ca3\u2c89 is used with the third person singular subject pronoun \u03e5 and the verb \u03eb\u2c9f\u2c9f\u2ca9 to express an exhortation (let him/she/it VERB, or shall he/she/it VERB?).\\n\u2c9f\u2ca3\u2c9d is a proper noun, its transliteration in English letters is Orx (it may also be better to translate it to a conventional form).\\nUsing all the information provided above, now please translate the sentence into English(en_US).Remember your source sentence is: \u2c81\u2ca9\u2cb1 \u2c9f\u2c9b \u2c9f\u2ca9\u2c99\u2c9b\u2ca7 \u2c9b\u2c83\u2c9b\u2c9b\u2c89 \u2c89\u2c9b\u2ca7\u2c81\u2c93\u03ed\u2c9b\u2ca7\u03e5 \u2c99\u2c81\u2ca3\u2c89\u03e5\u03eb\u2c9f\u2c9f\u2ca9 \u2c9b\u2ca7\u2c89\u2c9f\u2c89\u2c93\u2ca1\u2c89 \u2c9b\u2c83\u2c9b\u2c9b\u2c89 \u2c99\u2c9b\u2ca1\u2c95\u2c81\u2c99\u2c9f\u2ca9\u2c97 \u2c9b\u2ca7\u2c81\u2ca7\u2c9b\u2c9b\u2c9f\u2c9f\u2ca9 \u2c9b\u2c9f\u2ca3\u2c9d .The English translation is:	"\nThe English translation is:\n""And they said to him, 'Let us see the word of the Lord.' But he said to them, 'It is not for you to know the secrets of the Lord.'""\n""And they said to him, 'Let us see the word of the Lord.' But he said to them, 'It is not for you to know the secrets of the Lord.'""\nThe English translation is:\n""And they said to him, 'Let us see the word of the Lord.' But he said to them, 'It is not for you to know the"
\u2c89\u03e3\u2cb1\u2ca1\u2c89 \u2c87\u2c89 \u2c89\u03e5\u2ca7\u2c99\u03eb\u2c9f\u2c9f\u2ca9 \u2c9b\u2c83\u2c9b\u2c9b\u2c89 \u2c99\u2ca1\u2ca3\u03eb\u2c9f\u2c9f\u2ca9 \u2c95\u2c81\u2c99\u2c9f\u2ca9\u2c97 \u2c99\u2c9f\u2c9b\u2c9f\u2c9b \u2c89\u2c93\u03ef \u2c99\u2c99\u2c9f\u2c9f\u2ca9 \u2c9b\u2c81\u2c95 	And if  he does not send the dates do not send a camel only when I give them to you.	\u03e5 is the subject of \u03eb\u2c9f\u2c9f\u2ca9\u2081. \u2ca7\u2c99 is the modifier of \u03eb\u2c9f\u2c9f\u2ca9\u2081. \u03eb\u2c9f\u2c9f\u2ca9\u2081 is the modifier of \u03eb\u2c9f\u2c9f\u2ca9\u2082. \u2c9b is the object of \u2c83\u2c9b\u2c9b\u2c89. \u2c83\u2c9b\u2c9b\u2c89 is the oblique nominal of \u03eb\u2c9f\u2c9f\u2ca9\u2081. \u2c99\u2ca1\u2ca3 is the modifier of \u03eb\u2c9f\u2c9f\u2ca9\u2082. \u03eb\u2c9f\u2c9f\u2ca9\u2082 is the root. \u2c95\u2c81\u2c99\u2c9f\u2ca9\u2c97 is the object of \u03eb\u2c9f\u2c9f\u2ca9\u2082. \u2c93 is the subject of \u03ef. \u03ef is the modifier of \u03eb\u2c9f\u2c9f\u2ca9\u2082. \u2c99\u2c99\u2c9f is the case marking of \u2c9f\u2ca9. \u2c9f\u2ca9 is the object of \u03ef. \u2c9b\u2c81 is the case marking of \u2c95. \u2c95 is the oblique nominal of \u03ef.		You are a professional Coptic-to-English translator tasked with providing translations suitable for use in United States (en_US). Your goal is to accurately convey the meaning and nuances of the original Coptic text while adhering to English grammar, vocabulary, and cultural sensitivities.Produce only the English translation, without any additional explanations or commentary.Please translate the following Coptic text into English (en_US):\\n\u2c89\u03e3\u2cb1\u2ca1\u2c89 \u2c87\u2c89 \u2c89\u03e5\u2ca7\u2c99\u03eb\u2c9f\u2c9f\u2ca9 \u2c9b\u2c83\u2c9b\u2c9b\u2c89 \u2c99\u2ca1\u2ca3\u03eb\u2c9f\u2c9f\u2ca9 \u2c95\u2c81\u2c99\u2c9f\u2ca9\u2c97 \u2c99\u2c9f\u2c9b\u2c9f\u2c9b \u2c89\u2c93\u03ef \u2c99\u2c99\u2c9f\u2c9f\u2ca9 \u2c9b\u2c81\u2c95 .The dependency information for the sentence is:\\n\u03e5 is the subject of \u03eb\u2c9f\u2c9f\u2ca9\u2081. \u2ca7\u2c99 is the modifier of \u03eb\u2c9f\u2c9f\u2ca9\u2081. \u03eb\u2c9f\u2c9f\u2ca9\u2081 is the modifier of \u03eb\u2c9f\u2c9f\u2ca9\u2082. \u2c9b is the object of \u2c83\u2c9b\u2c9b\u2c89. \u2c83\u2c9b\u2c9b\u2c89 is the oblique nominal of \u03eb\u2c9f\u2c9f\u2ca9\u2081. \u2c99\u2ca1\u2ca3 is the modifier of \u03eb\u2c9f\u2c9f\u2ca9\u2082. \u03eb\u2c9f\u2c9f\u2ca9\u2082 is the root. \u2c95\u2c81\u2c99\u2c9f\u2ca9\u2c97 is the object of \u03eb\u2c9f\u2c9f\u2ca9\u2082. \u2c93 is the subject of \u03ef. \u03ef is the modifier of \u03eb\u2c9f\u2c9f\u2ca9\u2082. \u2c99\u2c99\u2c9f is the case marking of \u2c9f\u2ca9. \u2c9f\u2ca9 is the object of \u03ef. \u2c9b\u2c81 is the case marking of \u2c95. \u2c95 is the oblique nominal of \u03ef.\\nThe information about specific constructions in the sentence are:\\n\\nUsing all the information provided above, now please translate the sentence into English(en_US).Remember your source sentence is: \u2c89\u03e3\u2cb1\u2ca1\u2c89 \u2c87\u2c89 \u2c89\u03e5\u2ca7\u2c99\u03eb\u2c9f\u2c9f\u2ca9 \u2c9b\u2c83\u2c9b\u2c9b\u2c89 \u2c99\u2ca1\u2ca3\u03eb\u2c9f\u2c9f\u2ca9 \u2c95\u2c81\u2c99\u2c9f\u2ca9\u2c97 \u2c99\u2c9f\u2c9b\u2c9f\u2c9b \u2c89\u2c93\u03ef \u2c99\u2c99\u2c9f\u2c9f\u2ca9 \u2c9b\u2c81\u2c95 .The English translation is:	I am going to the market to buy some bread and milk for my family.\\n..\nI am going to the market to buy some bread and milk for my family.\nI am going to the market to buy some bread and milk for my family.\nI am going to the market to buy some bread and milk for my family.\nI am going to the market to buy some bread and milk for my family.\nI am going to the market to buy some bread and milk for my family.\nI am going to the market to buy some bread
\u2ca3\u2ca1\u2c9b\u2c81 \u2c9b\u2c85\u03eb\u2c93 \u2ca1\u2c9b\u2c89\u03e9 \u2c99\u2c81 \u2ca1\u2c81\u2ca5\u2c9f\u2c9b \u2c87\u2c81\u2ca9\u2c89\u2c93\u2c87 \u2c9b\u2c85\u03eb\u2c9f\u2c9f\u2ca9\u03e5 \u2c9b\u2c81\u2c93 	Be so kind and take the oil at my brother David's place and send it to me.	\u2ca3 is the root. \u2c9b\u2c81\u2081 is the object of \u2ca3. \u2c9b\u2081 is the auxiliary of \u03eb\u2c93. \u2c85\u2081 is the subject of \u03eb\u2c93. \u03eb\u2c93 is the modifier of \u2ca3. \u2c9b\u2c89\u03e9 is the object of \u03eb\u2c93. \u2c99\u2c81 is the complement of \u03eb\u2c93. \u2ca1\u2c81 is the possessive of \u2ca5\u2c9f\u2c9b. \u2ca5\u2c9f\u2c9b is the vocative of \u2c99\u2c81. \u2c87\u2c81\u2ca9\u2c89\u2c93\u2c87 is the modifier of \u2ca5\u2c9f\u2c9b. \u2c9b\u2082 is the auxiliary of \u03eb\u2c9f\u2c9f\u2ca9. \u2c85\u2082 is the subject of \u03eb\u2c9f\u2c9f\u2ca9. \u03eb\u2c9f\u2c9f\u2ca9 is the modifier of \u03eb\u2c93. \u03e5 is the object of \u03eb\u2c9f\u2c9f\u2ca9. \u2c9b\u2c81\u2082 is the case marking of \u2c93. \u2c93 is the oblique nominal of \u03eb\u2c9f\u2c9f\u2ca9.	\u2c87\u2c81\u2ca9\u2c89\u2c93\u2c87 is a proper noun, its transliteration in English letters is Daueid (it may also be better to translate it to a conventional form).	You are a professional Coptic-to-English translator tasked with providing translations suitable for use in United States (en_US). Your goal is to accurately convey the meaning and nuances of the original Coptic text while adhering to English grammar, vocabulary, and cultural sensitivities.Produce only the English translation, without any additional explanations or commentary.Please translate the following Coptic text into English (en_US):\\n\u2ca3\u2ca1\u2c9b\u2c81 \u2c9b\u2c85\u03eb\u2c93 \u2ca1\u2c9b\u2c89\u03e9 \u2c99\u2c81 \u2ca1\u2c81\u2ca5\u2c9f\u2c9b \u2c87\u2c81\u2ca9\u2c89\u2c93\u2c87 \u2c9b\u2c85\u03eb\u2c9f\u2c9f\u2ca9\u03e5 \u2c9b\u2c81\u2c93 .The dependency information for the sentence is:\\n\u2ca3 is the root. \u2c9b\u2c81\u2081 is the object of \u2ca3. \u2c9b\u2081 is the auxiliary of \u03eb\u2c93. \u2c85\u2081 is the subject of \u03eb\u2c93. \u03eb\u2c93 is the modifier of \u2ca3. \u2c9b\u2c89\u03e9 is the object of \u03eb\u2c93. \u2c99\u2c81 is the complement of \u03eb\u2c93. \u2ca1\u2c81 is the possessive of \u2ca5\u2c9f\u2c9b. \u2ca5\u2c9f\u2c9b is the vocative of \u2c99\u2c81. \u2c87\u2c81\u2ca9\u2c89\u2c93\u2c87 is the modifier of \u2ca5\u2c9f\u2c9b. \u2c9b\u2082 is the auxiliary of \u03eb\u2c9f\u2c9f\u2ca9. \u2c85\u2082 is the subject of \u03eb\u2c9f\u2c9f\u2ca9. \u03eb\u2c9f\u2c9f\u2ca9 is the modifier of \u03eb\u2c93. \u03e5 is the object of \u03eb\u2c9f\u2c9f\u2ca9. \u2c9b\u2c81\u2082 is the case marking of \u2c93. \u2c93 is the oblique nominal of \u03eb\u2c9f\u2c9f\u2ca9.\\nThe information about specific constructions in the sentence are:\\n\u2c87\u2c81\u2ca9\u2c89\u2c93\u2c87 is a proper noun, its transliteration in English letters is Daueid (it may also be better to translate it to a conventional form).\\nUsing all the information provided above, now please translate the sentence into English(en_US).Remember your source sentence is: \u2ca3\u2ca1\u2c9b\u2c81 \u2c9b\u2c85\u03eb\u2c93 \u2ca1\u2c9b\u2c89\u03e9 \u2c99\u2c81 \u2ca1\u2c81\u2ca5\u2c9f\u2c9b \u2c87\u2c81\u2ca9\u2c89\u2c93\u2c87 \u2c9b\u2c85\u03eb\u2c9f\u2c9f\u2ca9\u03e5 \u2c9b\u2c81\u2c93 .The English translation is:	 |\nI will give you the bread of the poor, and you shall be satisfied with the bread of the needy.\n| |\nI will give you the bread of the poor, and you shall be satisfied with the bread of the needy.\n| |\nI will give you the bread of the poor, and you shall be satisfied with the bread of the needy.\n| |\nI will give you the bread of the poor, and you shall be satisfied with the bread of the needy.\n| |\nI will give you the bread of the
\u2c9f\u2ca9\u03eb\u2c81\u2c93 \u03e9\u2c99\u2ca1\u03eb\u2c9f\u2c89\u2c93\u2ca5	Hail in the Lord.	\u2c9f\u2ca9\u03eb\u2c81\u2c93 is the root. \u03e9\u2c99 is the case marking of \u03eb\u2c9f\u2c89\u2c93\u2ca5. \u03eb\u2c9f\u2c89\u2c93\u2ca5 is the oblique nominal of \u2c9f\u2ca9\u03eb\u2c81\u2c93.		You are a professional Coptic-to-English translator tasked with providing translations suitable for use in United States (en_US). Your goal is to accurately convey the meaning and nuances of the original Coptic text while adhering to English grammar, vocabulary, and cultural sensitivities.Produce only the English translation, without any additional explanations or commentary.Please translate the following Coptic text into English (en_US):\\n\u2c9f\u2ca9\u03eb\u2c81\u2c93 \u03e9\u2c99\u2ca1\u03eb\u2c9f\u2c89\u2c93\u2ca5.The dependency information for the sentence is:\\n\u2c9f\u2ca9\u03eb\u2c81\u2c93 is the root. \u03e9\u2c99 is the case marking of \u03eb\u2c9f\u2c89\u2c93\u2ca5. \u03eb\u2c9f\u2c89\u2c93\u2ca5 is the oblique nominal of \u2c9f\u2ca9\u03eb\u2c81\u2c93.\\nThe information about specific constructions in the sentence are:\\n\\nUsing all the information provided above, now please translate the sentence into English(en_US).Remember your source sentence is: \u2c9f\u2ca9\u03eb\u2c81\u2c93 \u03e9\u2c99\u2ca1\u03eb\u2c9f\u2c89\u2c93\u2ca5.The English translation is:	" I am among the faithful.\nThe English translation of the Coptic text ""\u2c9f\u2ca9\u03eb\u2c81\u2c93 \u03e9\u2c99\u2ca1\u03eb\u2c9f\u2c89\u2c93\u2ca5"" is:\n\n""I am among the faithful."".\n\nThis translation accurately conveys the meaning of the original Coptic sentence while adhering to English grammar and vocabulary. The phrase ""among the faithful"" captures the essence of the Coptic term ""\u03eb\u2c9f\u2c89\u2c93\u2ca5,"" which refers to"
