source	reference	conllu_text	prompt	predictions
\u2ce8 \u2c81\u2c9b\u2c9f\u2c95 \u2ca1\u2c89\u2ca7\u2ca3\u2c9f\u2ca5 \u2c89\u2ca1\u2c89\u2c93\u2c87\u2c8f \u2c81\u2ca1\u2c81\u2c89\u2c93\u2cb1\u2ca7 \u03eb\u2c9f\u2c9f\u2ca9\u2ca7 \u2c89\u2c81\u2ca1\u2c89 \u2c9b\u2ca3\u2c9f\u2ca9\u03e9\u2c89 \u03e9\u2c81\u2ca1\u03e9\u2cb1\u2c83 \u2c99\u2ca1\u2c95\u2ca9\u2c99\u2c8f\u2c97\u2c93\u2c9f\u2c9b \u2c9b\u2c81\u2ca1\u2c81 \u2c99\u2c8f\u2c9b\u2c81\u2ca5 	I am Petros my father sent me to Ape in the evening regarding the matter of the church vessel of Apa Menas.	1\t\u2ce8\t\u2ce8\tPUNCT\tPUNCT\t_\t8\tpunct\t_\t_\n2\t\u2c81\u2c9b\u2c9f\u2c95\t\u2c81\u2c9b\u2c9f\u2c95\tDET\tPPERI\tDefinite=Def|Number=Sing|Person=1|PronType=Prs\t8\tdislocated\t_\t_\n3\t\u2ca1\u2c89\u2ca7\u2ca3\u2c9f\u2ca5\t\u2ca1\u2c89\u2ca7\u2ca3\u2c9f\u2ca5\tPROPN\tNPROP\t_\t2\tappos\t_\tOrigLang=grc\n4\t\u2c89\u2ca1\u2c89\u2c93\u2c87\u2c8f\t\u2c89\u2ca1\u2c89\u2c93\u2c87\u2c8f\tSCONJ\tCONJ\t_\t8\tmark\t_\tOrigLang=grc\n5\t\u2c81\t\u2c81\tAUX\tAPST\t_\t8\taux\t_\t_\n6\t\u2ca1\u2c81\t\u2ca1\u2c81\tDET\tPPOS\tDefinite=Def|Gender=Masc|Number=Sing|Number[psor]=Sing|Person=1|Poss=Yes|PronType=Prs\t7\tnmod:poss\t_\t_\n7\t\u2c89\u2c93\u2cb1\u2ca7\t\u2c89\u2c93\u2cb1\u2ca7\tNOUN\tN\t_\t8\tnsubj\t_\t_\n8\t\u03eb\u2c9f\u2c9f\u2ca9\t\u03eb\u2c9f\u2c9f\u2ca9\tVERB\tV\tVerbForm=Fin\t0\troot\t_\t_\n9\t\u2ca7\t\u2c81\u2c9b\u2c9f\u2c95\tDET\tPPERO\tDefinite=Def|Number=Sing|Person=1|PronType=Prs\t8\tobj\t_\t_\n10\t\u2c89\t\u2c89\tADP\tPREP\t_\t11\tcase\t_\t_\n11\t\u2c81\u2ca1\u2c89\t\u2c81\u2ca1\u2c89\tNOUN\tN\t_\t8\tobl\t_\tOrigLang=egy\n12\t\u2c9b\t\u2c9b\tADP\tPREP\t_\t13\tcase\t_\t_\n13\t\u2ca3\u2c9f\u2ca9\u03e9\u2c89\t\u2ca3\u2c9f\u2ca9\u03e9\u2c89\tNOUN\tN\t_\t11\tnmod\t_\t_\n14\t\u03e9\u2c81\t\u03e9\u2c81\tADP\tPREP\t_\t16\tcase\t_\t_\n15\t\u2ca1\t\u2ca1\tDET\tART\tDefinite=Def|Gender=Masc|Number=Sing|PronType=Art\t16\tdet\t_\t_\n16\t\u03e9\u2cb1\u2c83\t\u03e9\u2cb1\u2c83\tNOUN\tN\t_\t8\tobl\t_\t_\n17\t\u2c99\t\u2c9b\tADP\tPREP\t_\t19\tcase\t_\t_\n18\t\u2ca1\t\u2ca1\tDET\tART\tDefinite=Def|Gender=Masc|Number=Sing|PronType=Art\t19\tdet\t_\t_\n19\t\u2c95\u2ca9\u2c99\u2c8f\u2c97\u2c93\u2c9f\u2c9b\t\u2c95\u2ca9\u2c99\u2c8f\u2c97\u2c93\u2c9f\u2c9b\tNOUN\tN\t_\t16\tnmod\t_\tOrigLang=grc\n20\t\u2c9b\t\u2c9b\tADP\tPREP\t_\t21\tcase\t_\t_\n21\t\u2c81\u2ca1\u2c81\t\u2c81\u2ca1\u2c81\tNOUN\tN\t_\t19\tnmod\t_\tOrigLang=heb\n22\t\u2c99\u2c8f\u2c9b\u2c81\u2ca5\t\u2c99\u2c8f\u2c9b\u2c81\u2ca5\tPROPN\tNPROP\t_\t21\tflat\t_\t_	You are a professional Coptic-to-English translator tasked with providing translations suitable for use in United States (en_US). Your goal is to accurately convey the meaning and nuances of the original Coptic text while adhering to English grammar, vocabulary, and cultural sensitivities.Produce only the English translation, without any additional explanations or commentary.Please translate the following Coptic text into English (en_US):\\n\u2ce8 \u2c81\u2c9b\u2c9f\u2c95 \u2ca1\u2c89\u2ca7\u2ca3\u2c9f\u2ca5 \u2c89\u2ca1\u2c89\u2c93\u2c87\u2c8f \u2c81\u2ca1\u2c81\u2c89\u2c93\u2cb1\u2ca7 \u03eb\u2c9f\u2c9f\u2ca9\u2ca7 \u2c89\u2c81\u2ca1\u2c89 \u2c9b\u2ca3\u2c9f\u2ca9\u03e9\u2c89 \u03e9\u2c81\u2ca1\u03e9\u2cb1\u2c83 \u2c99\u2ca1\u2c95\u2ca9\u2c99\u2c8f\u2c97\u2c93\u2c9f\u2c9b \u2c9b\u2c81\u2ca1\u2c81 \u2c99\u2c8f\u2c9b\u2c81\u2ca5 .The raw conllu data for the sentence is in the CONLL-U format: \\n1\t\u2ce8\t\u2ce8\tPUNCT\tPUNCT\t_\t8\tpunct\t_\t_\n2\t\u2c81\u2c9b\u2c9f\u2c95\t\u2c81\u2c9b\u2c9f\u2c95\tDET\tPPERI\tDefinite=Def|Number=Sing|Person=1|PronType=Prs\t8\tdislocated\t_\t_\n3\t\u2ca1\u2c89\u2ca7\u2ca3\u2c9f\u2ca5\t\u2ca1\u2c89\u2ca7\u2ca3\u2c9f\u2ca5\tPROPN\tNPROP\t_\t2\tappos\t_\tOrigLang=grc\n4\t\u2c89\u2ca1\u2c89\u2c93\u2c87\u2c8f\t\u2c89\u2ca1\u2c89\u2c93\u2c87\u2c8f\tSCONJ\tCONJ\t_\t8\tmark\t_\tOrigLang=grc\n5\t\u2c81\t\u2c81\tAUX\tAPST\t_\t8\taux\t_\t_\n6\t\u2ca1\u2c81\t\u2ca1\u2c81\tDET\tPPOS\tDefinite=Def|Gender=Masc|Number=Sing|Number[psor]=Sing|Person=1|Poss=Yes|PronType=Prs\t7\tnmod:poss\t_\t_\n7\t\u2c89\u2c93\u2cb1\u2ca7\t\u2c89\u2c93\u2cb1\u2ca7\tNOUN\tN\t_\t8\tnsubj\t_\t_\n8\t\u03eb\u2c9f\u2c9f\u2ca9\t\u03eb\u2c9f\u2c9f\u2ca9\tVERB\tV\tVerbForm=Fin\t0\troot\t_\t_\n9\t\u2ca7\t\u2c81\u2c9b\u2c9f\u2c95\tDET\tPPERO\tDefinite=Def|Number=Sing|Person=1|PronType=Prs\t8\tobj\t_\t_\n10\t\u2c89\t\u2c89\tADP\tPREP\t_\t11\tcase\t_\t_\n11\t\u2c81\u2ca1\u2c89\t\u2c81\u2ca1\u2c89\tNOUN\tN\t_\t8\tobl\t_\tOrigLang=egy\n12\t\u2c9b\t\u2c9b\tADP\tPREP\t_\t13\tcase\t_\t_\n13\t\u2ca3\u2c9f\u2ca9\u03e9\u2c89\t\u2ca3\u2c9f\u2ca9\u03e9\u2c89\tNOUN\tN\t_\t11\tnmod\t_\t_\n14\t\u03e9\u2c81\t\u03e9\u2c81\tADP\tPREP\t_\t16\tcase\t_\t_\n15\t\u2ca1\t\u2ca1\tDET\tART\tDefinite=Def|Gender=Masc|Number=Sing|PronType=Art\t16\tdet\t_\t_\n16\t\u03e9\u2cb1\u2c83\t\u03e9\u2cb1\u2c83\tNOUN\tN\t_\t8\tobl\t_\t_\n17\t\u2c99\t\u2c9b\tADP\tPREP\t_\t19\tcase\t_\t_\n18\t\u2ca1\t\u2ca1\tDET\tART\tDefinite=Def|Gender=Masc|Number=Sing|PronType=Art\t19\tdet\t_\t_\n19\t\u2c95\u2ca9\u2c99\u2c8f\u2c97\u2c93\u2c9f\u2c9b\t\u2c95\u2ca9\u2c99\u2c8f\u2c97\u2c93\u2c9f\u2c9b\tNOUN\tN\t_\t16\tnmod\t_\tOrigLang=grc\n20\t\u2c9b\t\u2c9b\tADP\tPREP\t_\t21\tcase\t_\t_\n21\t\u2c81\u2ca1\u2c81\t\u2c81\u2ca1\u2c81\tNOUN\tN\t_\t19\tnmod\t_\tOrigLang=heb\n22\t\u2c99\u2c8f\u2c9b\u2c81\u2ca5\t\u2c99\u2c8f\u2c9b\u2c81\u2ca5\tPROPN\tNPROP\t_\t21\tflat\t_\t_\\nUsing all the information provided above, now please translate the sentence into English(en_US).Remember your source sentence is: \u2ce8 \u2c81\u2c9b\u2c9f\u2c95 \u2ca1\u2c89\u2ca7\u2ca3\u2c9f\u2ca5 \u2c89\u2ca1\u2c89\u2c93\u2c87\u2c8f \u2c81\u2ca1\u2c81\u2c89\u2c93\u2cb1\u2ca7 \u03eb\u2c9f\u2c9f\u2ca9\u2ca7 \u2c89\u2c81\u2ca1\u2c89 \u2c9b\u2ca3\u2c9f\u2ca9\u03e9\u2c89 \u03e9\u2c81\u2ca1\u03e9\u2cb1\u2c83 \u2c99\u2ca1\u2c95\u2ca9\u2c99\u2c8f\u2c97\u2c93\u2c9f\u2c9b \u2c9b\u2c81\u2ca1\u2c81 \u2c99\u2c8f\u2c9b\u2c81\u2ca5 .The English translation is:	I, Peter, because of my own authority, am the servant of the Lord of the temple of the city of Menas.
\u2c89\u2c93\u2ca5 \u2ca1\u2ca7\u2cb1\u03e3 \u2c81\u2ca9\u2ca7\u2c81\u2c81\u03e5 \u2c89\u2ca7\u2c9f\u2c9f\u2ca7 \u03eb\u2c89\u2ca5\u03e9\u2c81\u2c93 \u2c89\u2c91\u2c89 \u2c9b\u2c93\u2c99 \u2c89\u2ca9\u2c81\u03e3\u2ca5 \u2ca7\u2c89\u2c9b\u2c9f\u2ca9 	Here is the order that was given to me: write whatever manner they want now.	1\t\u2c89\u2c93\u2ca5\t\u2c89\u2c93\u2ca5\tPART\tPTC\t_\t6\tadvmod\t_\t_\n2\t\u2ca1\t\u2ca1\tDET\tART\tDefinite=Def|Gender=Masc|Number=Sing|PronType=Art\t3\tdet\t_\t_\n3\t\u2ca7\u2cb1\u03e3\t\u2ca7\u2cb1\u03e3\tNOUN\tN\t_\t6\tdislocated\t_\t_\n4\t\u2c81\t\u2c81\tAUX\tAPST\t_\t6\taux\t_\t_\n5\t\u2ca9\t\u2c9b\u2ca7\u2c9f\u2c9f\u2ca9\tDET\tPPERS\tDefinite=Def|Number=Plur|Person=3|PronType=Prs\t6\tnsubj\t_\t_\n6\t\u2ca7\u2c81\u2c81\t\u03ef\tVERB\tV\tVerbForm=Fin\t0\troot\t_\t_\n7\t\u03e5\t\u2c9b\u2ca7\u2c9f\u03e5\tDET\tPPERO\tDefinite=Def|Gender=Masc|Number=Sing|Person=3|PronType=Prs\t6\texpl\t_\t_\n8\t\u2c89\u2ca7\u2c9f\u2c9f\u2ca7\t\u2c89\u2ca7\u2c9b\tADP\tPREP\t_\t6\tobl\t_\t_\n9\t\u03eb\u2c89\t\u03eb\u2c89\tSCONJ\tCONJ\t_\t10\tmark\t_\t_\n10\t\u2ca5\u03e9\u2c81\u2c93\t\u2ca5\u03e9\u2c81\u2c93\tVERB\tV\tVerbForm=Fin\t6\tccomp\t_\t_\n11\t\u2c89\t\u2c89\tADP\tPREP\t_\t13\tcase\t_\t_\n12\t\u2ca7\t\u2ca1\tDET\tART\tDefinite=Def|Gender=Fem|Number=Sing|PronType=Art\t13\tdet\t_\t_\n13\t\u03e9\u2c89\t\u03e9\u2c89\tNOUN\tN\t_\t10\tobl\t_\t_\n14\t\u2c9b\u2c93\u2c99\t\u2c9b\u2c93\u2c99\tPRON\tPINT\tPronType=Ind\t13\tdet\t_\t_\n15\t\u2c89\t\u2c89\tSCONJ\tPREP\t_\t16\tmark\t_\t_\n16\t\u2ca9\u2c81\u03e3\t\u2ca9\u2c81\u03e3\tNOUN\tN\t_\t13\tacl:relcl\t_\t_\n17\t\u2ca5\t\u2c9b\u2ca7\u2c9f\u2ca5\tDET\tPPERO\tDefinite=Def|Gender=Fem|Number=Sing|Person=3|PronType=Prs\t16\tobj\t_\t_\n18\t\u2ca7\u2c89\u2c9b\u2c9f\u2ca9\t\u2ca7\u2c89\u2c9b\u2c9f\u2ca9\tADV\tADV\t_\t16\tadvmod\t_\t_	You are a professional Coptic-to-English translator tasked with providing translations suitable for use in United States (en_US). Your goal is to accurately convey the meaning and nuances of the original Coptic text while adhering to English grammar, vocabulary, and cultural sensitivities.Produce only the English translation, without any additional explanations or commentary.Please translate the following Coptic text into English (en_US):\\n\u2c89\u2c93\u2ca5 \u2ca1\u2ca7\u2cb1\u03e3 \u2c81\u2ca9\u2ca7\u2c81\u2c81\u03e5 \u2c89\u2ca7\u2c9f\u2c9f\u2ca7 \u03eb\u2c89\u2ca5\u03e9\u2c81\u2c93 \u2c89\u2c91\u2c89 \u2c9b\u2c93\u2c99 \u2c89\u2ca9\u2c81\u03e3\u2ca5 \u2ca7\u2c89\u2c9b\u2c9f\u2ca9 .The raw conllu data for the sentence is in the CONLL-U format: \\n1\t\u2c89\u2c93\u2ca5\t\u2c89\u2c93\u2ca5\tPART\tPTC\t_\t6\tadvmod\t_\t_\n2\t\u2ca1\t\u2ca1\tDET\tART\tDefinite=Def|Gender=Masc|Number=Sing|PronType=Art\t3\tdet\t_\t_\n3\t\u2ca7\u2cb1\u03e3\t\u2ca7\u2cb1\u03e3\tNOUN\tN\t_\t6\tdislocated\t_\t_\n4\t\u2c81\t\u2c81\tAUX\tAPST\t_\t6\taux\t_\t_\n5\t\u2ca9\t\u2c9b\u2ca7\u2c9f\u2c9f\u2ca9\tDET\tPPERS\tDefinite=Def|Number=Plur|Person=3|PronType=Prs\t6\tnsubj\t_\t_\n6\t\u2ca7\u2c81\u2c81\t\u03ef\tVERB\tV\tVerbForm=Fin\t0\troot\t_\t_\n7\t\u03e5\t\u2c9b\u2ca7\u2c9f\u03e5\tDET\tPPERO\tDefinite=Def|Gender=Masc|Number=Sing|Person=3|PronType=Prs\t6\texpl\t_\t_\n8\t\u2c89\u2ca7\u2c9f\u2c9f\u2ca7\t\u2c89\u2ca7\u2c9b\tADP\tPREP\t_\t6\tobl\t_\t_\n9\t\u03eb\u2c89\t\u03eb\u2c89\tSCONJ\tCONJ\t_\t10\tmark\t_\t_\n10\t\u2ca5\u03e9\u2c81\u2c93\t\u2ca5\u03e9\u2c81\u2c93\tVERB\tV\tVerbForm=Fin\t6\tccomp\t_\t_\n11\t\u2c89\t\u2c89\tADP\tPREP\t_\t13\tcase\t_\t_\n12\t\u2ca7\t\u2ca1\tDET\tART\tDefinite=Def|Gender=Fem|Number=Sing|PronType=Art\t13\tdet\t_\t_\n13\t\u03e9\u2c89\t\u03e9\u2c89\tNOUN\tN\t_\t10\tobl\t_\t_\n14\t\u2c9b\u2c93\u2c99\t\u2c9b\u2c93\u2c99\tPRON\tPINT\tPronType=Ind\t13\tdet\t_\t_\n15\t\u2c89\t\u2c89\tSCONJ\tPREP\t_\t16\tmark\t_\t_\n16\t\u2ca9\u2c81\u03e3\t\u2ca9\u2c81\u03e3\tNOUN\tN\t_\t13\tacl:relcl\t_\t_\n17\t\u2ca5\t\u2c9b\u2ca7\u2c9f\u2ca5\tDET\tPPERO\tDefinite=Def|Gender=Fem|Number=Sing|Person=3|PronType=Prs\t16\tobj\t_\t_\n18\t\u2ca7\u2c89\u2c9b\u2c9f\u2ca9\t\u2ca7\u2c89\u2c9b\u2c9f\u2ca9\tADV\tADV\t_\t16\tadvmod\t_\t_\\nUsing all the information provided above, now please translate the sentence into English(en_US).Remember your source sentence is: \u2c89\u2c93\u2ca5 \u2ca1\u2ca7\u2cb1\u03e3 \u2c81\u2ca9\u2ca7\u2c81\u2c81\u03e5 \u2c89\u2ca7\u2c9f\u2c9f\u2ca7 \u03eb\u2c89\u2ca5\u03e9\u2c81\u2c93 \u2c89\u2c91\u2c89 \u2c9b\u2c93\u2c99 \u2c89\u2ca9\u2c81\u03e3\u2ca5 \u2ca7\u2c89\u2c9b\u2c9f\u2ca9 .The English translation is:	Indeed, he himself said that the woman who is with him is a sinner.
\u2c95\u2c9f\u2ca9\u2cb1\u03e3 \u2c89\u2c89\u2c93 \u2c89\u2c9b\u03e9\u2c8f\u2ca7 \u2c81\u2c99\u2c9f\u2ca9 	If you want to come to the North come.	1\t\u2c95\t\u2c9b\u2ca7\u2c9f\u2c95\tDET\tPPERO\tDefinite=Def|Gender=Masc|Number=Sing|Person=2|PronType=Prs\t2\tnsubj\t_\t_\n2\t\u2c9f\u2ca9\u2cb1\u03e3\t\u2c9f\u2ca9\u2cb1\u03e3\tVERB\tV\tVerbForm=Fin\t0\troot\t_\t_\n3\t\u2c89\t\u2c89\tSCONJ\tPREP\t_\t4\tmark\t_\t_\n4\t\u2c89\u2c93\t\u2c89\u2c93\tVERB\tV\tVerbForm=Inf\t2\txcomp\t_\t_\n5\t\u2c89\t\u2c89\tADP\tPREP\t_\t7\tcase\t_\t_\n6\t\u2c9b\t\u2c9b\tADP\tPREP\t_\t7\tcase\t_\t_\n7\t\u03e9\u2c8f\u2ca7\t\u03e9\u2c8f\u2ca7\tNOUN\tN\t_\t4\tobl\t_\t_\n8\t\u2c81\u2c99\u2c9f\u2ca9\t\u2c89\u2c93\tVERB\tVIMP\tVerbForm=Fin\t2\tparataxis\t_\t_	You are a professional Coptic-to-English translator tasked with providing translations suitable for use in United States (en_US). Your goal is to accurately convey the meaning and nuances of the original Coptic text while adhering to English grammar, vocabulary, and cultural sensitivities.Produce only the English translation, without any additional explanations or commentary.Please translate the following Coptic text into English (en_US):\\n\u2c95\u2c9f\u2ca9\u2cb1\u03e3 \u2c89\u2c89\u2c93 \u2c89\u2c9b\u03e9\u2c8f\u2ca7 \u2c81\u2c99\u2c9f\u2ca9 .The raw conllu data for the sentence is in the CONLL-U format: \\n1\t\u2c95\t\u2c9b\u2ca7\u2c9f\u2c95\tDET\tPPERO\tDefinite=Def|Gender=Masc|Number=Sing|Person=2|PronType=Prs\t2\tnsubj\t_\t_\n2\t\u2c9f\u2ca9\u2cb1\u03e3\t\u2c9f\u2ca9\u2cb1\u03e3\tVERB\tV\tVerbForm=Fin\t0\troot\t_\t_\n3\t\u2c89\t\u2c89\tSCONJ\tPREP\t_\t4\tmark\t_\t_\n4\t\u2c89\u2c93\t\u2c89\u2c93\tVERB\tV\tVerbForm=Inf\t2\txcomp\t_\t_\n5\t\u2c89\t\u2c89\tADP\tPREP\t_\t7\tcase\t_\t_\n6\t\u2c9b\t\u2c9b\tADP\tPREP\t_\t7\tcase\t_\t_\n7\t\u03e9\u2c8f\u2ca7\t\u03e9\u2c8f\u2ca7\tNOUN\tN\t_\t4\tobl\t_\t_\n8\t\u2c81\u2c99\u2c9f\u2ca9\t\u2c89\u2c93\tVERB\tVIMP\tVerbForm=Fin\t2\tparataxis\t_\t_\\nUsing all the information provided above, now please translate the sentence into English(en_US).Remember your source sentence is: \u2c95\u2c9f\u2ca9\u2cb1\u03e3 \u2c89\u2c89\u2c93 \u2c89\u2c9b\u03e9\u2c8f\u2ca7 \u2c81\u2c99\u2c9f\u2ca9 .The English translation is:	You will be in the presence of the Lord.
\u2c95\u2c9f\u2ca9\u2cb1\u03e3 \u2c9f\u2c9b \u2c9b\u2ca7\u2c81\u2c89\u2c93 \u03eb\u2c9f\u2c9f\u2ca9 \u2c9b\u2ca7\u2c81\u2c89\u2c93 	And if you prefer me to come, send for me and I will come.	1\t\u2c95\t\u2c9b\u2ca7\u2c9f\u2c95\tDET\tPPERO\tDefinite=Def|Gender=Masc|Number=Sing|Person=2|PronType=Prs\t2\tnsubj\t_\t_\n2\t\u2c9f\u2ca9\u2cb1\u03e3\t\u2c9f\u2ca9\u2cb1\u03e3\tVERB\tV\tVerbForm=Fin\t0\troot\t_\t_\n3\t\u2c9f\u2c9b\t\u2c9f\u2c9b\tADV\tADV\t_\t2\tadvmod\t_\t_\n4\t\u2c9b\u2ca7\t\u2c89\u2ca7\u2c89\u2ca3\u2c89\tSCONJ\tCREL\t_\t7\tmark\t_\t_\n5\t\u2c81\t\u2c81\tAUX\tAPST\t_\t7\taux\t_\t_\n6\t\u2c89\u2c93\t\u2c81\u2c9b\u2c9f\u2c95\tDET\tPPERS\tDefinite=Def|Number=Sing|Person=1|PronType=Prs\t7\tnsubj\t_\t_\n7\t\u03eb\u2c9f\u2c9f\u2ca9\t\u03eb\u2c9f\u2c9f\u2ca9\tVERB\tV\tVerbForm=Fin\t2\tadvcl\t_\t_\n8\t\u2c9b\u2ca7\t\u2c9b\u2ca7\tDET\tPPERO\t_\t10\tmark\t_\t_\n9\t\u2c81\t\u2c81\u2c9b\u2c9f\u2c95\tAUX\tPPERS\tDefinite=Def|Number=Sing|Person=1|PronType=Prs\t10\taux\t_\t_\n10\t\u2c89\u2c93\t\u2c89\u2c93\tVERB\tV\tVerbForm=Fin\t7\tnsubj\t_\t_	You are a professional Coptic-to-English translator tasked with providing translations suitable for use in United States (en_US). Your goal is to accurately convey the meaning and nuances of the original Coptic text while adhering to English grammar, vocabulary, and cultural sensitivities.Produce only the English translation, without any additional explanations or commentary.Please translate the following Coptic text into English (en_US):\\n\u2c95\u2c9f\u2ca9\u2cb1\u03e3 \u2c9f\u2c9b \u2c9b\u2ca7\u2c81\u2c89\u2c93 \u03eb\u2c9f\u2c9f\u2ca9 \u2c9b\u2ca7\u2c81\u2c89\u2c93 .The raw conllu data for the sentence is in the CONLL-U format: \\n1\t\u2c95\t\u2c9b\u2ca7\u2c9f\u2c95\tDET\tPPERO\tDefinite=Def|Gender=Masc|Number=Sing|Person=2|PronType=Prs\t2\tnsubj\t_\t_\n2\t\u2c9f\u2ca9\u2cb1\u03e3\t\u2c9f\u2ca9\u2cb1\u03e3\tVERB\tV\tVerbForm=Fin\t0\troot\t_\t_\n3\t\u2c9f\u2c9b\t\u2c9f\u2c9b\tADV\tADV\t_\t2\tadvmod\t_\t_\n4\t\u2c9b\u2ca7\t\u2c89\u2ca7\u2c89\u2ca3\u2c89\tSCONJ\tCREL\t_\t7\tmark\t_\t_\n5\t\u2c81\t\u2c81\tAUX\tAPST\t_\t7\taux\t_\t_\n6\t\u2c89\u2c93\t\u2c81\u2c9b\u2c9f\u2c95\tDET\tPPERS\tDefinite=Def|Number=Sing|Person=1|PronType=Prs\t7\tnsubj\t_\t_\n7\t\u03eb\u2c9f\u2c9f\u2ca9\t\u03eb\u2c9f\u2c9f\u2ca9\tVERB\tV\tVerbForm=Fin\t2\tadvcl\t_\t_\n8\t\u2c9b\u2ca7\t\u2c9b\u2ca7\tDET\tPPERO\t_\t10\tmark\t_\t_\n9\t\u2c81\t\u2c81\u2c9b\u2c9f\u2c95\tAUX\tPPERS\tDefinite=Def|Number=Sing|Person=1|PronType=Prs\t10\taux\t_\t_\n10\t\u2c89\u2c93\t\u2c89\u2c93\tVERB\tV\tVerbForm=Fin\t7\tnsubj\t_\t_\\nUsing all the information provided above, now please translate the sentence into English(en_US).Remember your source sentence is: \u2c95\u2c9f\u2ca9\u2cb1\u03e3 \u2c9f\u2c9b \u2c9b\u2ca7\u2c81\u2c89\u2c93 \u03eb\u2c9f\u2c9f\u2ca9 \u2c9b\u2ca7\u2c81\u2c89\u2c93 .The English translation is:	You are who I am.
\u2ce8 \u2c81\u2c9b\u2c9f\u2c95 \u2c81\u2c9b\u2c87\u2c9f\u2c9b\u2c93\u2c9f\u2ca5 \u2c89\u2ca7\u2ca5\u03e9\u2c81\u2c93 \u2c99\u2ca1\u2c89\u2ca7\u2ca3\u2c9f\u2ca5 \u03eb\u2c89\u2c9f\u2ca9\u2cb1\u03e3 \u2c9f\u2ca9\u2c9b \u2c9b\u2c85\u2ca7\u2c9b\u2c9b\u2c9f\u2c9f\u2ca9 \u2c9b\u03e9\u2c9f\u2c99\u2c9b\u2ca7 \u2c9b\u2c81\u2c93 \u03eb\u2c89\u2c89\u2c93\u03e3\u2cb1\u2c9b\u2c89 	It is me antonios who is writing to Petros: please then send me the money for I am sick. 	1\t\u2ce8\t\u2ce8\tPUNCT\tPUNCT\t_\t2\tpunct\t_\t_\n2\t\u2c81\u2c9b\u2c9f\u2c95\t\u2c81\u2c9b\u2c9f\u2c95\tDET\tPPERI\tDefinite=Def|Number=Sing|Person=1|PronType=Prs\t0\troot\t_\t_\n3\t\u2c81\u2c9b\u2c87\u2c9f\u2c9b\u2c93\u2c9f\u2ca5\t\u2c81\u2c9b\u2c87\u2c9f\u2c9b\u2c93\u2c9f\u2ca5\tADV\tNEG\tPolarity=Neg\t2\tcop\t_\t_\n4\t\u2c89\u2ca7\t\u2c89\u2ca7\u2c89\u2ca3\u2c89\tSCONJ\tCREL\t_\t5\tmark\t_\t_\n5\t\u2ca5\u03e9\u2c81\u2c93\t\u2ca5\u03e9\u2c81\u2c93\tVERB\tV\tVerbForm=Fin\t2\tcsubj\t_\t_\n6\t\u2c99\t\u2c9b\tADP\tPREP\t_\t7\tcase\t_\t_\n7\t\u2ca1\u2c89\u2ca7\u2ca3\u2c9f\u2ca5\t\u2ca1\u2c89\u2ca7\u2ca3\u2c9f\u2ca5\tPROPN\tNPROP\t_\t5\tobl\t_\tOrigLang=grc\n8\t\u03eb\u2c89\t\u03eb\u2c89\tSCONJ\tCONJ\t_\t9\tmark\t_\t_\n9\t\u2c9f\u2ca9\u2cb1\u03e3\t\u2c9f\u2ca9\u2cb1\u03e3\tVERB\tV\tVerbForm=Fin\t5\tccomp\t_\t_\n10\t\u2c9f\u2ca9\u2c9b\t\u2c9f\u2ca9\u2c9b\tPART\tPTC\t_\t9\tadvmod\t_\t_\n11\t\u2c9b\t\u2c9b\u2ca7\u2c89\tAUX\tACONJ\t_\t13\taux\t_\t_\n12\t\u2c85\t\u2c9b\u2ca7\u2c9f\u2c95\tDET\tPPERS\tDefinite=Def|Gender=Masc|Number=Sing|Person=2|PronType=Prs\t13\tnsubj\t_\t_\n13\t\u2ca7\u2c9b\u2c9b\u2c9f\u2c9f\u2ca9\t\u2ca7\u2c9b\u2c9b\u2c9f\u2c9f\u2ca9\tVERB\tV\tVerbForm=Fin\t9\tadvcl\t_\t_\n14\t\u2c9b\t\u2c9b\tADP\tPREP\t_\t15\tcase\t_\t_\n15\t\u03e9\u2c9f\u2c99\u2c9b\u2ca7\t\u03e9\u2c9f\u2c99\u2c9b\u2ca7\tNOUN\tN\t_\t13\tobj\t_\t_\n16\t\u2c9b\u2c81\t\u2c9b\u2c81\tADP\tPREP\t_\t17\tcase\t_\t_\n17\t\u2c93\t\u2c81\u2c9b\u2c9f\u2c95\tDET\tPPERO\tDefinite=Def|Number=Sing|Person=1|PronType=Prs\t13\tobl\t_\t_\n18\t\u03eb\u2c89\t\u03eb\u2c89\tSCONJ\tCONJ\t_\t21\tmark\t_\t_\n19\t\u2c89\t\u2c89\u2ca3\u2c89\tSCONJ\tCCIRC\t_\t21\tmark\t_\t_\n20\t\u2c93\t\u2c81\u2c9b\u2c9f\u2c95\tDET\tPPERS\tDefinite=Def|Number=Sing|Person=1|PronType=Prs\t21\tnsubj\t_\t_\n21\t\u03e3\u2cb1\u2c9b\u2c89\t\u03e3\u2cb1\u2c9b\u2c89\tVERB\tV\tVerbForm=Fin\t13\tadvcl\t_\t_	You are a professional Coptic-to-English translator tasked with providing translations suitable for use in United States (en_US). Your goal is to accurately convey the meaning and nuances of the original Coptic text while adhering to English grammar, vocabulary, and cultural sensitivities.Produce only the English translation, without any additional explanations or commentary.Please translate the following Coptic text into English (en_US):\\n\u2ce8 \u2c81\u2c9b\u2c9f\u2c95 \u2c81\u2c9b\u2c87\u2c9f\u2c9b\u2c93\u2c9f\u2ca5 \u2c89\u2ca7\u2ca5\u03e9\u2c81\u2c93 \u2c99\u2ca1\u2c89\u2ca7\u2ca3\u2c9f\u2ca5 \u03eb\u2c89\u2c9f\u2ca9\u2cb1\u03e3 \u2c9f\u2ca9\u2c9b \u2c9b\u2c85\u2ca7\u2c9b\u2c9b\u2c9f\u2c9f\u2ca9 \u2c9b\u03e9\u2c9f\u2c99\u2c9b\u2ca7 \u2c9b\u2c81\u2c93 \u03eb\u2c89\u2c89\u2c93\u03e3\u2cb1\u2c9b\u2c89 .The raw conllu data for the sentence is in the CONLL-U format: \\n1\t\u2ce8\t\u2ce8\tPUNCT\tPUNCT\t_\t2\tpunct\t_\t_\n2\t\u2c81\u2c9b\u2c9f\u2c95\t\u2c81\u2c9b\u2c9f\u2c95\tDET\tPPERI\tDefinite=Def|Number=Sing|Person=1|PronType=Prs\t0\troot\t_\t_\n3\t\u2c81\u2c9b\u2c87\u2c9f\u2c9b\u2c93\u2c9f\u2ca5\t\u2c81\u2c9b\u2c87\u2c9f\u2c9b\u2c93\u2c9f\u2ca5\tADV\tNEG\tPolarity=Neg\t2\tcop\t_\t_\n4\t\u2c89\u2ca7\t\u2c89\u2ca7\u2c89\u2ca3\u2c89\tSCONJ\tCREL\t_\t5\tmark\t_\t_\n5\t\u2ca5\u03e9\u2c81\u2c93\t\u2ca5\u03e9\u2c81\u2c93\tVERB\tV\tVerbForm=Fin\t2\tcsubj\t_\t_\n6\t\u2c99\t\u2c9b\tADP\tPREP\t_\t7\tcase\t_\t_\n7\t\u2ca1\u2c89\u2ca7\u2ca3\u2c9f\u2ca5\t\u2ca1\u2c89\u2ca7\u2ca3\u2c9f\u2ca5\tPROPN\tNPROP\t_\t5\tobl\t_\tOrigLang=grc\n8\t\u03eb\u2c89\t\u03eb\u2c89\tSCONJ\tCONJ\t_\t9\tmark\t_\t_\n9\t\u2c9f\u2ca9\u2cb1\u03e3\t\u2c9f\u2ca9\u2cb1\u03e3\tVERB\tV\tVerbForm=Fin\t5\tccomp\t_\t_\n10\t\u2c9f\u2ca9\u2c9b\t\u2c9f\u2ca9\u2c9b\tPART\tPTC\t_\t9\tadvmod\t_\t_\n11\t\u2c9b\t\u2c9b\u2ca7\u2c89\tAUX\tACONJ\t_\t13\taux\t_\t_\n12\t\u2c85\t\u2c9b\u2ca7\u2c9f\u2c95\tDET\tPPERS\tDefinite=Def|Gender=Masc|Number=Sing|Person=2|PronType=Prs\t13\tnsubj\t_\t_\n13\t\u2ca7\u2c9b\u2c9b\u2c9f\u2c9f\u2ca9\t\u2ca7\u2c9b\u2c9b\u2c9f\u2c9f\u2ca9\tVERB\tV\tVerbForm=Fin\t9\tadvcl\t_\t_\n14\t\u2c9b\t\u2c9b\tADP\tPREP\t_\t15\tcase\t_\t_\n15\t\u03e9\u2c9f\u2c99\u2c9b\u2ca7\t\u03e9\u2c9f\u2c99\u2c9b\u2ca7\tNOUN\tN\t_\t13\tobj\t_\t_\n16\t\u2c9b\u2c81\t\u2c9b\u2c81\tADP\tPREP\t_\t17\tcase\t_\t_\n17\t\u2c93\t\u2c81\u2c9b\u2c9f\u2c95\tDET\tPPERO\tDefinite=Def|Number=Sing|Person=1|PronType=Prs\t13\tobl\t_\t_\n18\t\u03eb\u2c89\t\u03eb\u2c89\tSCONJ\tCONJ\t_\t21\tmark\t_\t_\n19\t\u2c89\t\u2c89\u2ca3\u2c89\tSCONJ\tCCIRC\t_\t21\tmark\t_\t_\n20\t\u2c93\t\u2c81\u2c9b\u2c9f\u2c95\tDET\tPPERS\tDefinite=Def|Number=Sing|Person=1|PronType=Prs\t21\tnsubj\t_\t_\n21\t\u03e3\u2cb1\u2c9b\u2c89\t\u03e3\u2cb1\u2c9b\u2c89\tVERB\tV\tVerbForm=Fin\t13\tadvcl\t_\t_\\nUsing all the information provided above, now please translate the sentence into English(en_US).Remember your source sentence is: \u2ce8 \u2c81\u2c9b\u2c9f\u2c95 \u2c81\u2c9b\u2c87\u2c9f\u2c9b\u2c93\u2c9f\u2ca5 \u2c89\u2ca7\u2ca5\u03e9\u2c81\u2c93 \u2c99\u2ca1\u2c89\u2ca7\u2ca3\u2c9f\u2ca5 \u03eb\u2c89\u2c9f\u2ca9\u2cb1\u03e3 \u2c9f\u2ca9\u2c9b \u2c9b\u2c85\u2ca7\u2c9b\u2c9b\u2c9f\u2c9f\u2ca9 \u2c9b\u03e9\u2c9f\u2c99\u2c9b\u2ca7 \u2c9b\u2c81\u2c93 \u03eb\u2c89\u2c89\u2c93\u03e3\u2cb1\u2c9b\u2c89 .The English translation is:	I am not the one who denies Peter, nor do I deny Him.
\u2c99\u2c89\u2c93\u2c85\u2c9b\u2c9f\u2ca9\u2c9b\u2c9f\u2ca9\u2c99\u2c89\u2ca5 \u2c9b\u2ca7\u2c81\u03eb\u2c9f\u03e5 \u2c89\u2ca3\u2c9f\u2c93 	And I did not find a nummus to spend for me.	1\t\u2c99\u2c89\u2c93\t\u2c99\u2c89\u2c93\tVERB\tV\tVerbForm=Fin\t0\troot\t_\t_\n2\t\u2c85\u2c9b\t\u2c85\u2c9b\tVERB\tV\tVerbForm=Fin\t1\tobj\t_\t_\n3\t\u2c9f\u2ca9\t\u2c9f\u2ca9\tDET\tART\tDefinite=Ind|Number=Sing|PronType=Art\t4\tdet\t_\t_\n4\t\u2c9b\u2c9f\u2ca9\u2c99\u2c89\u2ca5\t\u2c9b\u2c9f\u2ca9\u2c99\u2c89\u2ca5\tNOUN\tN\t_\t2\tobj\t_\t_\n5\t\u2c9b\u2ca7\t\u2c9b\u2ca7\tAUX\tACONJ\t_\t7\tmark\t_\t_\n6\t\u2c81\t\u2c81\u2c9b\u2c9f\u2c95\tDET\tPPERS\tDefinite=Def|Number=Sing|Person=1|PronType=Prs\t7\tnsubj\t_\t_\n7\t\u03eb\u2c9f\t\u03eb\u2c9f\tVERB\tV\tVerbForm=Fin\t4\tacl:relcl\t_\t_\n8\t\u03e5\t\u2c9b\u2ca7\u2c9f\u03e5\tDET\tPPERO\tDefinite=Def|Gender=Masc|Number=Sing|Person=3|PronType=Prs\t7\tobj\t_\t_\n9\t\u2c89\u2ca3\u2c9f\t\u2c89\tADP\tPREP\t_\t10\tcase\t_\t_\n10\t\u2c93\t\u2c81\u2c9b\u2c9f\u2c95\tDET\tPPERO\tDefinite=Def|Number=Sing|Person=1|PronType=Prs\t7\tobl\t_\t_	You are a professional Coptic-to-English translator tasked with providing translations suitable for use in United States (en_US). Your goal is to accurately convey the meaning and nuances of the original Coptic text while adhering to English grammar, vocabulary, and cultural sensitivities.Produce only the English translation, without any additional explanations or commentary.Please translate the following Coptic text into English (en_US):\\n\u2c99\u2c89\u2c93\u2c85\u2c9b\u2c9f\u2ca9\u2c9b\u2c9f\u2ca9\u2c99\u2c89\u2ca5 \u2c9b\u2ca7\u2c81\u03eb\u2c9f\u03e5 \u2c89\u2ca3\u2c9f\u2c93 .The raw conllu data for the sentence is in the CONLL-U format: \\n1\t\u2c99\u2c89\u2c93\t\u2c99\u2c89\u2c93\tVERB\tV\tVerbForm=Fin\t0\troot\t_\t_\n2\t\u2c85\u2c9b\t\u2c85\u2c9b\tVERB\tV\tVerbForm=Fin\t1\tobj\t_\t_\n3\t\u2c9f\u2ca9\t\u2c9f\u2ca9\tDET\tART\tDefinite=Ind|Number=Sing|PronType=Art\t4\tdet\t_\t_\n4\t\u2c9b\u2c9f\u2ca9\u2c99\u2c89\u2ca5\t\u2c9b\u2c9f\u2ca9\u2c99\u2c89\u2ca5\tNOUN\tN\t_\t2\tobj\t_\t_\n5\t\u2c9b\u2ca7\t\u2c9b\u2ca7\tAUX\tACONJ\t_\t7\tmark\t_\t_\n6\t\u2c81\t\u2c81\u2c9b\u2c9f\u2c95\tDET\tPPERS\tDefinite=Def|Number=Sing|Person=1|PronType=Prs\t7\tnsubj\t_\t_\n7\t\u03eb\u2c9f\t\u03eb\u2c9f\tVERB\tV\tVerbForm=Fin\t4\tacl:relcl\t_\t_\n8\t\u03e5\t\u2c9b\u2ca7\u2c9f\u03e5\tDET\tPPERO\tDefinite=Def|Gender=Masc|Number=Sing|Person=3|PronType=Prs\t7\tobj\t_\t_\n9\t\u2c89\u2ca3\u2c9f\t\u2c89\tADP\tPREP\t_\t10\tcase\t_\t_\n10\t\u2c93\t\u2c81\u2c9b\u2c9f\u2c95\tDET\tPPERO\tDefinite=Def|Number=Sing|Person=1|PronType=Prs\t7\tobl\t_\t_\\nUsing all the information provided above, now please translate the sentence into English(en_US).Remember your source sentence is: \u2c99\u2c89\u2c93\u2c85\u2c9b\u2c9f\u2ca9\u2c9b\u2c9f\u2ca9\u2c99\u2c89\u2ca5 \u2c9b\u2ca7\u2c81\u03eb\u2c9f\u03e5 \u2c89\u2ca3\u2c9f\u2c93 .The English translation is:	We know that I am with him.
\u2c89\u03e3\u03eb\u2c89 \u2c95\u2c9b\u2c81\u03ef \u2c9b\u2c81\u2c93 \u2ca7\u2c9b\u2c9b\u2c9f\u2c9f\u2ca9 \u2ca1\u2cb1\u2c93 \u2c9b\u2c81\u2c93 \u03eb\u2c9f\u2c89\u2c93\u2ca5 \u03eb\u2c89\u2c99\u2c89\u2c93\u2c85\u2c9b\u2c9f\u2ca9 \u2c9b\u2ca7\u2c81\u2c83\u2c9f\u2c95\u2ca5 \u2c89\u2ca1\u03e9\u2c99\u2c9f\u2ca9 	Since you are going to give me send me mine my lord for I did not find to add to the salt.	1\t\u2c89\u03e3\u03eb\u2c89\t\u2c89\u03e3\u03eb\u2c89\tSCONJ\tCONJ\t_\t4\tmark\t_\t_\n2\t\u2c95\t\u2c9b\u2ca7\u2c9f\u2c95\tDET\tPPERS\tDefinite=Def|Gender=Masc|Number=Sing|Person=2|PronType=Prs\t4\tnsubj\t_\t_\n3\t\u2c9b\u2c81\t\u2c9b\u2c81\tAUX\tFUT\t_\t4\taux\t_\t_\n4\t\u03ef\t\u03ef\tVERB\tV\tVerbForm=Fin\t7\tadvcl\t_\tCxnElt=4:Conditional-UnspecifiedEpistemic.Protasis\n5\t\u2c9b\u2c81\t\u2c9b\u2c81\tADP\tPREP\t_\t6\tcase\t_\t_\n6\t\u2c93\t\u2c81\u2c9b\u2c9f\u2c95\tDET\tPPERO\tDefinite=Def|Number=Sing|Person=1|PronType=Prs\t4\tobl\t_\t_\n7\t\u2ca7\u2c9b\u2c9b\u2c9f\u2c9f\u2ca9\t\u2ca7\u2c9b\u2c9b\u2c9f\u2c9f\u2ca9\tVERB\tV\tVerbForm=Fin\t0\troot\t_\tCxn=Conditional-UnspecifiedEpistemic|CxnElt=4:Conditional-UnspecifiedEpistemic.Apodosis\n8\t\u2ca1\u2cb1\u2c93\t\u2ca1\u2cb1\u2c93\tDET\tPPERO\t_\t7\texpl\t_\t_\n9\t\u2c9b\u2c81\t\u2c9b\u2c81\tADP\tPREP\t_\t10\tcase\t_\t_\n10\t\u2c93\t\u2c81\u2c9b\u2c9f\u2c95\tDET\tPPERO\tDefinite=Def|Number=Sing|Person=1|PronType=Prs\t7\tobl\t_\t_\n11\t\u03eb\u2c9f\u2c89\u2c93\u2ca5\t\u03eb\u2c9f\u2c89\u2c93\u2ca5\tNOUN\tN\t_\t7\tvocative\t_\t_\n12\t\u03eb\u2c89\t\u03eb\u2c89\tSCONJ\tCONJ\t_\t15\tmark\t_\t_\n13\t\u2c99\u2c89\t\u2c99\u2c89\u2ca3\u2c89\tAUX\tANEGAOR\tPolarity=Neg\t15\taux\t_\t_\n14\t\u2c93\t\u2c81\u2c9b\u2c9f\u2c95\tDET\tPPERS\tDefinite=Def|Number=Sing|Person=1|PronType=Prs\t15\tnsubj\t_\t_\n15\t\u2c85\u2c9b\t\u2c85\u2c9b\tVERB\tV\tVerbForm=Fin\t7\tccomp\t_\t_\n16\t\u2c9f\u2ca9\t\u2c9f\u2ca9\tDET\tART\tDefinite=Ind|Number=Sing|PronType=Art\t15\tobj\t_\t_\n17\t\u2c9b\u2ca7\t\u2c89\u2ca7\u2c89\u2ca3\u2c89\tSCONJ\tCREL\t_\t19\tmark\t_\t_\n18\t\u2c81\t\u2c81\u2c9b\u2c9f\u2c95\tDET\tPPERS\tDefinite=Def|Number=Sing|Person=1|PronType=Prs\t19\tnsubj\t_\t_\n19\t\u2c83\u2c9f\u2c95\t\u2c83\u2c9f\u2c95\tVERB\tV\tVerbForm=Fin\t15\tadvcl\t_\t_\n20\t\u2ca5\t\u2c9b\u2ca7\u2c9f\u2ca5\tDET\tPPERO\tDefinite=Def|Gender=Fem|Number=Sing|Person=3|PronType=Prs\t19\tobj\t_\t_\n21\t\u2c89\t\u2c89\tADP\tPREP\t_\t23\tcase\t_\t_\n22\t\u2ca1\t\u2ca1\tDET\tART\tDefinite=Def|Gender=Masc|Number=Sing|PronType=Art\t23\tdet\t_\t_\n23\t\u03e9\u2c99\u2c9f\u2ca9\t\u03e9\u2c99\u2c9f\u2ca9\tNOUN\tN\t_\t19\tobl\t_\t_	You are a professional Coptic-to-English translator tasked with providing translations suitable for use in United States (en_US). Your goal is to accurately convey the meaning and nuances of the original Coptic text while adhering to English grammar, vocabulary, and cultural sensitivities.Produce only the English translation, without any additional explanations or commentary.Please translate the following Coptic text into English (en_US):\\n\u2c89\u03e3\u03eb\u2c89 \u2c95\u2c9b\u2c81\u03ef \u2c9b\u2c81\u2c93 \u2ca7\u2c9b\u2c9b\u2c9f\u2c9f\u2ca9 \u2ca1\u2cb1\u2c93 \u2c9b\u2c81\u2c93 \u03eb\u2c9f\u2c89\u2c93\u2ca5 \u03eb\u2c89\u2c99\u2c89\u2c93\u2c85\u2c9b\u2c9f\u2ca9 \u2c9b\u2ca7\u2c81\u2c83\u2c9f\u2c95\u2ca5 \u2c89\u2ca1\u03e9\u2c99\u2c9f\u2ca9 .The raw conllu data for the sentence is in the CONLL-U format: \\n1\t\u2c89\u03e3\u03eb\u2c89\t\u2c89\u03e3\u03eb\u2c89\tSCONJ\tCONJ\t_\t4\tmark\t_\t_\n2\t\u2c95\t\u2c9b\u2ca7\u2c9f\u2c95\tDET\tPPERS\tDefinite=Def|Gender=Masc|Number=Sing|Person=2|PronType=Prs\t4\tnsubj\t_\t_\n3\t\u2c9b\u2c81\t\u2c9b\u2c81\tAUX\tFUT\t_\t4\taux\t_\t_\n4\t\u03ef\t\u03ef\tVERB\tV\tVerbForm=Fin\t7\tadvcl\t_\tCxnElt=4:Conditional-UnspecifiedEpistemic.Protasis\n5\t\u2c9b\u2c81\t\u2c9b\u2c81\tADP\tPREP\t_\t6\tcase\t_\t_\n6\t\u2c93\t\u2c81\u2c9b\u2c9f\u2c95\tDET\tPPERO\tDefinite=Def|Number=Sing|Person=1|PronType=Prs\t4\tobl\t_\t_\n7\t\u2ca7\u2c9b\u2c9b\u2c9f\u2c9f\u2ca9\t\u2ca7\u2c9b\u2c9b\u2c9f\u2c9f\u2ca9\tVERB\tV\tVerbForm=Fin\t0\troot\t_\tCxn=Conditional-UnspecifiedEpistemic|CxnElt=4:Conditional-UnspecifiedEpistemic.Apodosis\n8\t\u2ca1\u2cb1\u2c93\t\u2ca1\u2cb1\u2c93\tDET\tPPERO\t_\t7\texpl\t_\t_\n9\t\u2c9b\u2c81\t\u2c9b\u2c81\tADP\tPREP\t_\t10\tcase\t_\t_\n10\t\u2c93\t\u2c81\u2c9b\u2c9f\u2c95\tDET\tPPERO\tDefinite=Def|Number=Sing|Person=1|PronType=Prs\t7\tobl\t_\t_\n11\t\u03eb\u2c9f\u2c89\u2c93\u2ca5\t\u03eb\u2c9f\u2c89\u2c93\u2ca5\tNOUN\tN\t_\t7\tvocative\t_\t_\n12\t\u03eb\u2c89\t\u03eb\u2c89\tSCONJ\tCONJ\t_\t15\tmark\t_\t_\n13\t\u2c99\u2c89\t\u2c99\u2c89\u2ca3\u2c89\tAUX\tANEGAOR\tPolarity=Neg\t15\taux\t_\t_\n14\t\u2c93\t\u2c81\u2c9b\u2c9f\u2c95\tDET\tPPERS\tDefinite=Def|Number=Sing|Person=1|PronType=Prs\t15\tnsubj\t_\t_\n15\t\u2c85\u2c9b\t\u2c85\u2c9b\tVERB\tV\tVerbForm=Fin\t7\tccomp\t_\t_\n16\t\u2c9f\u2ca9\t\u2c9f\u2ca9\tDET\tART\tDefinite=Ind|Number=Sing|PronType=Art\t15\tobj\t_\t_\n17\t\u2c9b\u2ca7\t\u2c89\u2ca7\u2c89\u2ca3\u2c89\tSCONJ\tCREL\t_\t19\tmark\t_\t_\n18\t\u2c81\t\u2c81\u2c9b\u2c9f\u2c95\tDET\tPPERS\tDefinite=Def|Number=Sing|Person=1|PronType=Prs\t19\tnsubj\t_\t_\n19\t\u2c83\u2c9f\u2c95\t\u2c83\u2c9f\u2c95\tVERB\tV\tVerbForm=Fin\t15\tadvcl\t_\t_\n20\t\u2ca5\t\u2c9b\u2ca7\u2c9f\u2ca5\tDET\tPPERO\tDefinite=Def|Gender=Fem|Number=Sing|Person=3|PronType=Prs\t19\tobj\t_\t_\n21\t\u2c89\t\u2c89\tADP\tPREP\t_\t23\tcase\t_\t_\n22\t\u2ca1\t\u2ca1\tDET\tART\tDefinite=Def|Gender=Masc|Number=Sing|PronType=Art\t23\tdet\t_\t_\n23\t\u03e9\u2c99\u2c9f\u2ca9\t\u03e9\u2c99\u2c9f\u2ca9\tNOUN\tN\t_\t19\tobl\t_\t_\\nUsing all the information provided above, now please translate the sentence into English(en_US).Remember your source sentence is: \u2c89\u03e3\u03eb\u2c89 \u2c95\u2c9b\u2c81\u03ef \u2c9b\u2c81\u2c93 \u2ca7\u2c9b\u2c9b\u2c9f\u2c9f\u2ca9 \u2ca1\u2cb1\u2c93 \u2c9b\u2c81\u2c93 \u03eb\u2c9f\u2c89\u2c93\u2ca5 \u03eb\u2c89\u2c99\u2c89\u2c93\u2c85\u2c9b\u2c9f\u2ca9 \u2c9b\u2ca7\u2c81\u2c83\u2c9f\u2c95\u2ca5 \u2c89\u2ca1\u03e9\u2c99\u2c9f\u2ca9 .The English translation is:	If you are with me, then I will not deny you before him.
\u2c89\u03e5\u2c83\u2c9f\u2ca5\u2ca7 \u2c9b\u2ca7\u2c89\u2c93\u03e9\u2c89 	It is dried out in this way.	1\t\u2c89\t\u2c89\tSCONJ\tPREP\t_\t3\tmark\t_\t_\n2\t\u03e5\t\u2c9b\u2ca7\u2c9f\u03e5\tDET\tPPERS\tDefinite=Def|Gender=Masc|Number=Sing|Person=3|PronType=Prs\t3\tnsubj\t_\t_\n3\t\u2c83\u2c9f\u2ca5\u2ca7\t\u2c83\u2c9f\u2ca5\u2ca7\tVERB\tV\tVerbForm=Fin\t0\troot\t_\t_\n4\t\u2c9b\t\u2c9b\tADP\tPREP\t_\t6\tcase\t_\t_\n5\t\u2ca7\u2c89\u2c93\t\u2ca1\u2c89\u2c93\tDET\tPDEM\tDefinite=Def|Gender=Fem|Number=Sing|PronType=Dem\t6\tdet\t_\t_\n6\t\u03e9\u2c89\t\u03e9\u2c89\tNOUN\tN\t_\t3\tobl\t_\t_	You are a professional Coptic-to-English translator tasked with providing translations suitable for use in United States (en_US). Your goal is to accurately convey the meaning and nuances of the original Coptic text while adhering to English grammar, vocabulary, and cultural sensitivities.Produce only the English translation, without any additional explanations or commentary.Please translate the following Coptic text into English (en_US):\\n\u2c89\u03e5\u2c83\u2c9f\u2ca5\u2ca7 \u2c9b\u2ca7\u2c89\u2c93\u03e9\u2c89 .The raw conllu data for the sentence is in the CONLL-U format: \\n1\t\u2c89\t\u2c89\tSCONJ\tPREP\t_\t3\tmark\t_\t_\n2\t\u03e5\t\u2c9b\u2ca7\u2c9f\u03e5\tDET\tPPERS\tDefinite=Def|Gender=Masc|Number=Sing|Person=3|PronType=Prs\t3\tnsubj\t_\t_\n3\t\u2c83\u2c9f\u2ca5\u2ca7\t\u2c83\u2c9f\u2ca5\u2ca7\tVERB\tV\tVerbForm=Fin\t0\troot\t_\t_\n4\t\u2c9b\t\u2c9b\tADP\tPREP\t_\t6\tcase\t_\t_\n5\t\u2ca7\u2c89\u2c93\t\u2ca1\u2c89\u2c93\tDET\tPDEM\tDefinite=Def|Gender=Fem|Number=Sing|PronType=Dem\t6\tdet\t_\t_\n6\t\u03e9\u2c89\t\u03e9\u2c89\tNOUN\tN\t_\t3\tobl\t_\t_\\nUsing all the information provided above, now please translate the sentence into English(en_US).Remember your source sentence is: \u2c89\u03e5\u2c83\u2c9f\u2ca5\u2ca7 \u2c9b\u2ca7\u2c89\u2c93\u03e9\u2c89 .The English translation is:	If he is in it.
\u2c9f\u2ca9\u03eb\u2c81\u2c93 \u03e9\u2c99\u2ca1\u03eb\u2c9f\u2c89\u2c93\u2ca5 \u2ca7\u2c81\u2c81\u2ca5 \u2c99\u2ca1\u2c89\u2ca7\u2ca3\u2c9f\u2ca5 \u03e9\u2c93\u2ca7\u2c9b\u2c81\u2c9b\u2c87\u2cb1\u2c9b\u2c93\u2c9f\u2ca5 \u2ca1\u2c89\u2ca7\u2c9b\u03e3\u2c8f\u2ca3\u2c89 	Hail in the Lord to give to Petros from Antonios your son.	1\t\u2c9f\u2ca9\u03eb\u2c81\u2c93\t\u2c9f\u2ca9\u03eb\u2c81\u2c93\tVERB\tV\tVerbForm=Fin\t0\troot\t_\t_\n2\t\u03e9\u2c99\t\u03e9\u2c9b\tADP\tPREP\t_\t4\tcase\t_\t_\n3\t\u2ca1\t\u2ca1\tDET\tART\tDefinite=Def|Gender=Masc|Number=Sing|PronType=Art\t4\tdet\t_\t_\n4\t\u03eb\u2c9f\u2c89\u2c93\u2ca5\t\u03eb\u2c9f\u2c89\u2c93\u2ca5\tNOUN\tN\t_\t1\tobl\t_\t_\n5\t\u2ca7\u2c81\u2c81\t\u03ef\tVERB\tV\tVerbForm=Fin\t1\tparataxis\t_\t_\n6\t\u2ca5\t\u2c9b\u2ca7\u2c9f\u2ca5\tDET\tPPERO\tDefinite=Def|Gender=Fem|Number=Sing|Person=3|PronType=Prs\t5\tobj\t_\t_\n7\t\u2c99\t\u2c9b\tADP\tPREP\t_\t8\tcase\t_\t_\n8\t\u2ca1\u2c89\u2ca7\u2ca3\u2c9f\u2ca5\t\u2ca1\u2c89\u2ca7\u2ca3\u2c9f\u2ca5\tPROPN\tNPROP\t_\t5\tobl\t_\tOrigLang=grc\n9\t\u03e9\u2c93\u2ca7\u2c9b\t\u03e9\u2c93\u2ca7\u2c9b\tADP\tPREP\t_\t10\tcase\t_\t_\n10\t\u2c81\u2c9b\u2c87\u2cb1\u2c9b\u2c93\u2c9f\u2ca5\t\u2c81\u2c9b\u2c87\u2cb1\u2c9b\u2c93\u2c9f\u2ca5\tADV\tNEG\tPolarity=Neg\t5\tobl\t_\t_\n11\t\u2ca1\u2c89\u2ca7\u2c9b\t\u2ca1\u2c89\u2ca7\u2c9b\tDET\tPPOS\tDefinite=Def|Gender=Masc|Number=Sing|Number[psor]=Plur|Person=2|Poss=Yes|PronType=Prs\t12\tnmod:poss\t_\t_\n12\t\u03e3\u2c8f\u2ca3\u2c89\t\u03e3\u2c8f\u2ca3\u2c89\tNOUN\tN\t_\t10\tappos\t_\t_	You are a professional Coptic-to-English translator tasked with providing translations suitable for use in United States (en_US). Your goal is to accurately convey the meaning and nuances of the original Coptic text while adhering to English grammar, vocabulary, and cultural sensitivities.Produce only the English translation, without any additional explanations or commentary.Please translate the following Coptic text into English (en_US):\\n\u2c9f\u2ca9\u03eb\u2c81\u2c93 \u03e9\u2c99\u2ca1\u03eb\u2c9f\u2c89\u2c93\u2ca5 \u2ca7\u2c81\u2c81\u2ca5 \u2c99\u2ca1\u2c89\u2ca7\u2ca3\u2c9f\u2ca5 \u03e9\u2c93\u2ca7\u2c9b\u2c81\u2c9b\u2c87\u2cb1\u2c9b\u2c93\u2c9f\u2ca5 \u2ca1\u2c89\u2ca7\u2c9b\u03e3\u2c8f\u2ca3\u2c89 .The raw conllu data for the sentence is in the CONLL-U format: \\n1\t\u2c9f\u2ca9\u03eb\u2c81\u2c93\t\u2c9f\u2ca9\u03eb\u2c81\u2c93\tVERB\tV\tVerbForm=Fin\t0\troot\t_\t_\n2\t\u03e9\u2c99\t\u03e9\u2c9b\tADP\tPREP\t_\t4\tcase\t_\t_\n3\t\u2ca1\t\u2ca1\tDET\tART\tDefinite=Def|Gender=Masc|Number=Sing|PronType=Art\t4\tdet\t_\t_\n4\t\u03eb\u2c9f\u2c89\u2c93\u2ca5\t\u03eb\u2c9f\u2c89\u2c93\u2ca5\tNOUN\tN\t_\t1\tobl\t_\t_\n5\t\u2ca7\u2c81\u2c81\t\u03ef\tVERB\tV\tVerbForm=Fin\t1\tparataxis\t_\t_\n6\t\u2ca5\t\u2c9b\u2ca7\u2c9f\u2ca5\tDET\tPPERO\tDefinite=Def|Gender=Fem|Number=Sing|Person=3|PronType=Prs\t5\tobj\t_\t_\n7\t\u2c99\t\u2c9b\tADP\tPREP\t_\t8\tcase\t_\t_\n8\t\u2ca1\u2c89\u2ca7\u2ca3\u2c9f\u2ca5\t\u2ca1\u2c89\u2ca7\u2ca3\u2c9f\u2ca5\tPROPN\tNPROP\t_\t5\tobl\t_\tOrigLang=grc\n9\t\u03e9\u2c93\u2ca7\u2c9b\t\u03e9\u2c93\u2ca7\u2c9b\tADP\tPREP\t_\t10\tcase\t_\t_\n10\t\u2c81\u2c9b\u2c87\u2cb1\u2c9b\u2c93\u2c9f\u2ca5\t\u2c81\u2c9b\u2c87\u2cb1\u2c9b\u2c93\u2c9f\u2ca5\tADV\tNEG\tPolarity=Neg\t5\tobl\t_\t_\n11\t\u2ca1\u2c89\u2ca7\u2c9b\t\u2ca1\u2c89\u2ca7\u2c9b\tDET\tPPOS\tDefinite=Def|Gender=Masc|Number=Sing|Number[psor]=Plur|Person=2|Poss=Yes|PronType=Prs\t12\tnmod:poss\t_\t_\n12\t\u03e3\u2c8f\u2ca3\u2c89\t\u03e3\u2c8f\u2ca3\u2c89\tNOUN\tN\t_\t10\tappos\t_\t_\\nUsing all the information provided above, now please translate the sentence into English(en_US).Remember your source sentence is: \u2c9f\u2ca9\u03eb\u2c81\u2c93 \u03e9\u2c99\u2ca1\u03eb\u2c9f\u2c89\u2c93\u2ca5 \u2ca7\u2c81\u2c81\u2ca5 \u2c99\u2ca1\u2c89\u2ca7\u2ca3\u2c9f\u2ca5 \u03e9\u2c93\u2ca7\u2c9b\u2c81\u2c9b\u2c87\u2cb1\u2c9b\u2c93\u2c9f\u2ca5 \u2ca1\u2c89\u2ca7\u2c9b\u03e3\u2c8f\u2ca3\u2c89 .The English translation is:	I am with the one who is called Peter, your servant, not your slave.
\u2ca1\u2ca5\u2c99\u2cb1\u2c89\u2c93 \u2c89\u2c93\u03e3\u2c93\u2c9b\u2c89 \u2c89\u2ca1\u2c81\u2ca5\u2c9f\u2c9b \u2ca1\u2c87\u2c93\u2c81\u2c95\u2c9f\u2c9b\u2c9f\u2ca5 	I psmoei I am greeting my brother the Deacon.	1\t\u2ca1\u2ca5\u2c99\u2cb1\u2c89\u2c93\t\u2ca1\u2ca5\u2c99\u2cb1\u2c89\u2c93\tPROPN\tNPROP\t_\t0\troot\t_\t_\n2\t\u2c89\t\u2c89\u2ca3\u2c89\tPART\tCFOC\t_\t4\tmark\t_\t_\n3\t\u2c93\t\u2c81\u2c9b\u2c9f\u2c95\tDET\tPPERS\tDefinite=Def|Number=Sing|Person=1|PronType=Prs\t4\tnsubj\t_\t_\n4\t\u03e3\u2c93\u2c9b\u2c89\t\u03e3\u2c93\u2c9b\u2c89\tVERB\tV\tVerbForm=Fin\t1\tadvcl\t_\t_\n5\t\u2c89\t\u2c89\tADP\tPREP\t_\t7\tcase\t_\t_\n6\t\u2ca1\u2c81\t\u2ca1\u2c81\tDET\tPPOS\tDefinite=Def|Gender=Masc|Number=Sing|Number[psor]=Sing|Person=1|Poss=Yes|PronType=Prs\t7\tnmod:poss\t_\t_\n7\t\u2ca5\u2c9f\u2c9b\t\u2ca5\u2c9f\u2c9b\tNOUN\tN\t_\t4\tobl\t_\t_\n8\t\u2ca1\t\u2ca1\tDET\tART\tDefinite=Def|Gender=Masc|Number=Sing|PronType=Art\t9\tdet\t_\t_\n9\t\u2c87\u2c93\u2c81\u2c95\u2c9f\u2c9b\u2c9f\u2ca5\t\u2c87\u2c93\u2c81\u2c95\u2c9f\u2c9b\u2c9f\u2ca5\tNOUN\tN\t_\t7\tappos\t_\tOrigLang=grc	You are a professional Coptic-to-English translator tasked with providing translations suitable for use in United States (en_US). Your goal is to accurately convey the meaning and nuances of the original Coptic text while adhering to English grammar, vocabulary, and cultural sensitivities.Produce only the English translation, without any additional explanations or commentary.Please translate the following Coptic text into English (en_US):\\n\u2ca1\u2ca5\u2c99\u2cb1\u2c89\u2c93 \u2c89\u2c93\u03e3\u2c93\u2c9b\u2c89 \u2c89\u2ca1\u2c81\u2ca5\u2c9f\u2c9b \u2ca1\u2c87\u2c93\u2c81\u2c95\u2c9f\u2c9b\u2c9f\u2ca5 .The raw conllu data for the sentence is in the CONLL-U format: \\n1\t\u2ca1\u2ca5\u2c99\u2cb1\u2c89\u2c93\t\u2ca1\u2ca5\u2c99\u2cb1\u2c89\u2c93\tPROPN\tNPROP\t_\t0\troot\t_\t_\n2\t\u2c89\t\u2c89\u2ca3\u2c89\tPART\tCFOC\t_\t4\tmark\t_\t_\n3\t\u2c93\t\u2c81\u2c9b\u2c9f\u2c95\tDET\tPPERS\tDefinite=Def|Number=Sing|Person=1|PronType=Prs\t4\tnsubj\t_\t_\n4\t\u03e3\u2c93\u2c9b\u2c89\t\u03e3\u2c93\u2c9b\u2c89\tVERB\tV\tVerbForm=Fin\t1\tadvcl\t_\t_\n5\t\u2c89\t\u2c89\tADP\tPREP\t_\t7\tcase\t_\t_\n6\t\u2ca1\u2c81\t\u2ca1\u2c81\tDET\tPPOS\tDefinite=Def|Gender=Masc|Number=Sing|Number[psor]=Sing|Person=1|Poss=Yes|PronType=Prs\t7\tnmod:poss\t_\t_\n7\t\u2ca5\u2c9f\u2c9b\t\u2ca5\u2c9f\u2c9b\tNOUN\tN\t_\t4\tobl\t_\t_\n8\t\u2ca1\t\u2ca1\tDET\tART\tDefinite=Def|Gender=Masc|Number=Sing|PronType=Art\t9\tdet\t_\t_\n9\t\u2c87\u2c93\u2c81\u2c95\u2c9f\u2c9b\u2c9f\u2ca5\t\u2c87\u2c93\u2c81\u2c95\u2c9f\u2c9b\u2c9f\u2ca5\tNOUN\tN\t_\t7\tappos\t_\tOrigLang=grc\\nUsing all the information provided above, now please translate the sentence into English(en_US).Remember your source sentence is: \u2ca1\u2ca5\u2c99\u2cb1\u2c89\u2c93 \u2c89\u2c93\u03e3\u2c93\u2c9b\u2c89 \u2c89\u2ca1\u2c81\u2ca5\u2c9f\u2c9b \u2ca1\u2c87\u2c93\u2c81\u2c95\u2c9f\u2c9b\u2c9f\u2ca5 .The English translation is:	Psmoei is my servant, the deacon.
\u2c99\u2ca1\u2ca3\u2c95\u2c9b-\u2c81\u2ca3\u2c93\u2c95\u2c89 \u2c89\u2ca7\u2c83\u2c89\u2ca1\u2ca7\u2ca3\u2c99\u2c8f\u2ca5\u2c89 	Do not blame me for the Tremissis.	1\t\u2c99\u2ca1\u2ca3\t\u2c99\u2ca1\u2ca3\tADV\tNEG\tPolarity=Neg\t2\tadvmod\t_\t_\n2\t\u2c95\u2c9b\u2c81\u2ca3\u2c93\u2c95\u2c89\t\u2c95\u2c9b\u2c81\u2ca3\u2c93\u2c95\u2c89\tVERB\tV\tVerbForm=Fin\t0\troot\t_\tMSeg=\u2c95\u2c9b-\u2c81\u2ca3\u2c93\u2c95\u2c89\n3\t\u2c89\u2ca7\u2c83\u2c89\t\u2c89\u2ca7\u2c83\u2c89\tADP\tPREP\t_\t5\tcase\t_\t_\n4\t\u2ca1\t\u2ca1\tDET\tART\tDefinite=Def|Gender=Masc|Number=Sing|PronType=Art\t5\tdet\t_\t_\n5\t\u2ca7\u2ca3\u2c99\u2c8f\u2ca5\u2c89\t\u2ca7\u2ca3\u2c99\u2c8f\u2ca5\u2c89\tNOUN\tN\t_\t2\tobl\t_\t_	You are a professional Coptic-to-English translator tasked with providing translations suitable for use in United States (en_US). Your goal is to accurately convey the meaning and nuances of the original Coptic text while adhering to English grammar, vocabulary, and cultural sensitivities.Produce only the English translation, without any additional explanations or commentary.Please translate the following Coptic text into English (en_US):\\n\u2c99\u2ca1\u2ca3\u2c95\u2c9b-\u2c81\u2ca3\u2c93\u2c95\u2c89 \u2c89\u2ca7\u2c83\u2c89\u2ca1\u2ca7\u2ca3\u2c99\u2c8f\u2ca5\u2c89 .The raw conllu data for the sentence is in the CONLL-U format: \\n1\t\u2c99\u2ca1\u2ca3\t\u2c99\u2ca1\u2ca3\tADV\tNEG\tPolarity=Neg\t2\tadvmod\t_\t_\n2\t\u2c95\u2c9b\u2c81\u2ca3\u2c93\u2c95\u2c89\t\u2c95\u2c9b\u2c81\u2ca3\u2c93\u2c95\u2c89\tVERB\tV\tVerbForm=Fin\t0\troot\t_\tMSeg=\u2c95\u2c9b-\u2c81\u2ca3\u2c93\u2c95\u2c89\n3\t\u2c89\u2ca7\u2c83\u2c89\t\u2c89\u2ca7\u2c83\u2c89\tADP\tPREP\t_\t5\tcase\t_\t_\n4\t\u2ca1\t\u2ca1\tDET\tART\tDefinite=Def|Gender=Masc|Number=Sing|PronType=Art\t5\tdet\t_\t_\n5\t\u2ca7\u2ca3\u2c99\u2c8f\u2ca5\u2c89\t\u2ca7\u2ca3\u2c99\u2c8f\u2ca5\u2c89\tNOUN\tN\t_\t2\tobl\t_\t_\\nUsing all the information provided above, now please translate the sentence into English(en_US).Remember your source sentence is: \u2c99\u2ca1\u2ca3\u2c95\u2c9b-\u2c81\u2ca3\u2c93\u2c95\u2c89 \u2c89\u2ca7\u2c83\u2c89\u2ca1\u2ca7\u2ca3\u2c99\u2c8f\u2ca5\u2c89 .The English translation is:	He did not enter the prison.
\u03ef\u2c9b\u2c81\u2cb1\u2ca5\u2c95 \u2c89\u03eb\u2c9f\u2c9f\u2ca9\u03e5 \u2c9b\u2c81\u2c95 \u2c81\u2c9b 	I will not delay sending it to you now. 	1\t\u03ef\t\u03ef\tVERB\tV\tVerbForm=Fin\t3\tnsubj\t_\t_\n2\t\u2c9b\u2c81\t\u2c9b\u2c81\tAUX\tFUT\t_\t3\taux\t_\t_\n3\t\u2cb1\u2ca5\u2c95\t\u2cb1\u2ca5\u2c95\tVERB\tV\tVerbForm=Fin\t0\troot\t_\t_\n4\t\u2c89\t\u2c89\tSCONJ\tPREP\t_\t5\tmark\t_\t_\n5\t\u03eb\u2c9f\u2c9f\u2ca9\t\u03eb\u2c9f\u2c9f\u2ca9\tVERB\tV\tVerbForm=Inf\t3\txcomp\t_\t_\n6\t\u03e5\t\u2c9b\u2ca7\u2c9f\u03e5\tDET\tPPERO\tDefinite=Def|Gender=Masc|Number=Sing|Person=3|PronType=Prs\t5\tobj\t_\t_\n7\t\u2c9b\u2c81\t\u2c9b\u2c81\tADP\tPREP\t_\t8\tcase\t_\t_\n8\t\u2c95\t\u2c9b\u2ca7\u2c9f\u2c95\tDET\tPPERO\tDefinite=Def|Gender=Masc|Number=Sing|Person=2|PronType=Prs\t5\tobl\t_\t_\n9\t\u2c81\u2c9b\t\u2c81\u2c9b\tADV\tNEG\tPolarity=Neg\t5\tadvmod\t_\t_	You are a professional Coptic-to-English translator tasked with providing translations suitable for use in United States (en_US). Your goal is to accurately convey the meaning and nuances of the original Coptic text while adhering to English grammar, vocabulary, and cultural sensitivities.Produce only the English translation, without any additional explanations or commentary.Please translate the following Coptic text into English (en_US):\\n\u03ef\u2c9b\u2c81\u2cb1\u2ca5\u2c95 \u2c89\u03eb\u2c9f\u2c9f\u2ca9\u03e5 \u2c9b\u2c81\u2c95 \u2c81\u2c9b .The raw conllu data for the sentence is in the CONLL-U format: \\n1\t\u03ef\t\u03ef\tVERB\tV\tVerbForm=Fin\t3\tnsubj\t_\t_\n2\t\u2c9b\u2c81\t\u2c9b\u2c81\tAUX\tFUT\t_\t3\taux\t_\t_\n3\t\u2cb1\u2ca5\u2c95\t\u2cb1\u2ca5\u2c95\tVERB\tV\tVerbForm=Fin\t0\troot\t_\t_\n4\t\u2c89\t\u2c89\tSCONJ\tPREP\t_\t5\tmark\t_\t_\n5\t\u03eb\u2c9f\u2c9f\u2ca9\t\u03eb\u2c9f\u2c9f\u2ca9\tVERB\tV\tVerbForm=Inf\t3\txcomp\t_\t_\n6\t\u03e5\t\u2c9b\u2ca7\u2c9f\u03e5\tDET\tPPERO\tDefinite=Def|Gender=Masc|Number=Sing|Person=3|PronType=Prs\t5\tobj\t_\t_\n7\t\u2c9b\u2c81\t\u2c9b\u2c81\tADP\tPREP\t_\t8\tcase\t_\t_\n8\t\u2c95\t\u2c9b\u2ca7\u2c9f\u2c95\tDET\tPPERO\tDefinite=Def|Gender=Masc|Number=Sing|Person=2|PronType=Prs\t5\tobl\t_\t_\n9\t\u2c81\u2c9b\t\u2c81\u2c9b\tADV\tNEG\tPolarity=Neg\t5\tadvmod\t_\t_\\nUsing all the information provided above, now please translate the sentence into English(en_US).Remember your source sentence is: \u03ef\u2c9b\u2c81\u2cb1\u2ca5\u2c95 \u2c89\u03eb\u2c9f\u2c9f\u2ca9\u03e5 \u2c9b\u2c81\u2c95 \u2c81\u2c9b .The English translation is:	He will not be able to see you.
\u03ef\u2c9b\u2c9f\u2ca9 \u2ca3\u2ca1\u2c9b\u2c81 \u2c9b\u2c85\u03ef \u2c9f\u2ca9\u2c81\u2c93\u2ca1\u2c89 \u2c9b\u2c9b\u2c89\u2ca3\u03e3\u2c93\u2c9b \u2c99\u2ca1\u2ca3\u2cb1\u2c99\u2c89 \u2c89\u2ca7\u2c9b\u2c81 \u2c9b\u03ef\u2c83\u2c97\u03eb\u2c89 \u2c9b\u2c81\u2c95 \u2c9b\u2ca7\u2c89\u2c95\u2c99\u2c81\u03eb\u2c89 \u2ca7\u2cb1\u2c95 	Please give the measure of lentils to the man who will bring you this ostracon, according to your own measure.	1\t\u03ef\u2c9b\u2c9f\u2ca9\t\u03ef\u2c9b\u2c9f\u2ca9\tVERB\tV\tVerbForm=Fin\t2\tnsubj\t_\t_\n2\t\u2ca3\t\u2c89\u2c93\u2ca3\u2c89\tVERB\tV\tVerbForm=Fin\t0\troot\t_\t_\n3\t\u2ca1\t\u2ca1\tDET\tART\tDefinite=Def|Gender=Masc|Number=Sing|PronType=Art\t4\tdet\t_\t_\n4\t\u2c9b\u2c81\t\u2c9b\u2c81\tNOUN\tN\t_\t2\tobj\t_\t_\n5\t\u2c9b\t\u2c9b\u2ca7\u2c89\tAUX\tACONJ\t_\t7\taux\t_\t_\n6\t\u2c85\t\u2c9b\u2ca7\u2c9f\u2c95\tDET\tPPERS\tDefinite=Def|Gender=Masc|Number=Sing|Person=2|PronType=Prs\t7\tnsubj\t_\t_\n7\t\u03ef\t\u03ef\tVERB\tV\tVerbForm=Fin\t2\tadvcl\t_\t_\n8\t\u2c9f\u2ca9\t\u2c9b\u2ca7\u2c9f\u2c9f\u2ca9\tDET\tPPERO\tDefinite=Def|Poss=Yes|PronType=Prs\t9\tnmod:poss\t_\t_\n9\t\u2c81\u2c93\u2ca1\u2c89\t\u2c81\u2c93\u2ca1\u2c89\tPART\tPTC\t_\t7\tobj\t_\t_\n10\t\u2c9b\t\u2c9b\tADP\tPREP\t_\t12\tcase\t_\t_\n11\t\u2c9b\t\u2ca1\tDET\tART\tDefinite=Def|Number=Plur|PronType=Art\t12\tdet\t_\t_\n12\t\u2c89\u2ca3\u03e3\u2c93\u2c9b\t\u2c81\u2ca3\u03e3\u2c93\u2c9b\tNOUN\tN\t_\t9\tnmod\t_\t_\n13\t\u2c99\t\u2c9b\tADP\tPREP\t_\t15\tcase\t_\t_\n14\t\u2ca1\t\u2ca1\tDET\tART\tDefinite=Def|Gender=Masc|Number=Sing|PronType=Art\t15\tdet\t_\t_\n15\t\u2ca3\u2cb1\u2c99\u2c89\t\u2ca3\u2cb1\u2c99\u2c89\tNOUN\tN\t_\t12\tnmod\t_\t_\n16\t\u2c89\u2ca7\t\u2c89\u2ca7\u2c89\u2ca3\u2c89\tSCONJ\tCREL\t_\t18\tmark\t_\t_\n17\t\u2c9b\u2c81\t\u2c9b\u2c81\tAUX\tVSTAT\tVerbForm=Fin\t18\taux\t_\t_\n18\t\u2c9b\t\u2c9b\tADP\tPREP\t_\t15\tacl:relcl\t_\t_\n19\t\u03ef\t\u2ca1\u2c93\tDET\tPDEM\t_\t20\tnsubj\t_\t_\n20\t\u2c83\u2c97\u03eb\u2c89\t\u2c83\u2c97\u03eb\u2c89\tNOUN\tN\t_\t18\txcomp\t_\t_\n21\t\u2c9b\u2c81\t\u2c9b\u2c81\tADP\tPREP\t_\t22\tcase\t_\t_\n22\t\u2c95\t\u2c9b\u2ca7\u2c9f\u2c95\tDET\tPPERO\tDefinite=Def|Gender=Masc|Number=Sing|Person=2|PronType=Prs\t20\tobl\t_\t_\n23\t\u2c9b\t\u2c9b\tADP\tPREP\t_\t25\tcase\t_\t_\n24\t\u2ca7\u2c89\u2c95\t\u2ca1\u2c89\u2c95\tDET\tPPOS\tDefinite=Def|Gender=Fem|Gender[psor]=Masc|Number=Sing|Number[psor]=Sing|Person=2|Poss=Yes|PronType=Prs\t25\tnmod:poss\t_\t_\n25\t\u2c99\u2c81\u03eb\u2c89\t\u2c99\u2c81\u03eb\u2c89\tNOUN\tN\t_\t20\tobj\t_\t_\n26\t\u2ca7\u2cb1\u2c95\t\u2ca7\u2cb1\u2c95\tVERB\tV\tVerbForm=Fin\t7\tparataxis\t_\t_	You are a professional Coptic-to-English translator tasked with providing translations suitable for use in United States (en_US). Your goal is to accurately convey the meaning and nuances of the original Coptic text while adhering to English grammar, vocabulary, and cultural sensitivities.Produce only the English translation, without any additional explanations or commentary.Please translate the following Coptic text into English (en_US):\\n\u03ef\u2c9b\u2c9f\u2ca9 \u2ca3\u2ca1\u2c9b\u2c81 \u2c9b\u2c85\u03ef \u2c9f\u2ca9\u2c81\u2c93\u2ca1\u2c89 \u2c9b\u2c9b\u2c89\u2ca3\u03e3\u2c93\u2c9b \u2c99\u2ca1\u2ca3\u2cb1\u2c99\u2c89 \u2c89\u2ca7\u2c9b\u2c81 \u2c9b\u03ef\u2c83\u2c97\u03eb\u2c89 \u2c9b\u2c81\u2c95 \u2c9b\u2ca7\u2c89\u2c95\u2c99\u2c81\u03eb\u2c89 \u2ca7\u2cb1\u2c95 .The raw conllu data for the sentence is in the CONLL-U format: \\n1\t\u03ef\u2c9b\u2c9f\u2ca9\t\u03ef\u2c9b\u2c9f\u2ca9\tVERB\tV\tVerbForm=Fin\t2\tnsubj\t_\t_\n2\t\u2ca3\t\u2c89\u2c93\u2ca3\u2c89\tVERB\tV\tVerbForm=Fin\t0\troot\t_\t_\n3\t\u2ca1\t\u2ca1\tDET\tART\tDefinite=Def|Gender=Masc|Number=Sing|PronType=Art\t4\tdet\t_\t_\n4\t\u2c9b\u2c81\t\u2c9b\u2c81\tNOUN\tN\t_\t2\tobj\t_\t_\n5\t\u2c9b\t\u2c9b\u2ca7\u2c89\tAUX\tACONJ\t_\t7\taux\t_\t_\n6\t\u2c85\t\u2c9b\u2ca7\u2c9f\u2c95\tDET\tPPERS\tDefinite=Def|Gender=Masc|Number=Sing|Person=2|PronType=Prs\t7\tnsubj\t_\t_\n7\t\u03ef\t\u03ef\tVERB\tV\tVerbForm=Fin\t2\tadvcl\t_\t_\n8\t\u2c9f\u2ca9\t\u2c9b\u2ca7\u2c9f\u2c9f\u2ca9\tDET\tPPERO\tDefinite=Def|Poss=Yes|PronType=Prs\t9\tnmod:poss\t_\t_\n9\t\u2c81\u2c93\u2ca1\u2c89\t\u2c81\u2c93\u2ca1\u2c89\tPART\tPTC\t_\t7\tobj\t_\t_\n10\t\u2c9b\t\u2c9b\tADP\tPREP\t_\t12\tcase\t_\t_\n11\t\u2c9b\t\u2ca1\tDET\tART\tDefinite=Def|Number=Plur|PronType=Art\t12\tdet\t_\t_\n12\t\u2c89\u2ca3\u03e3\u2c93\u2c9b\t\u2c81\u2ca3\u03e3\u2c93\u2c9b\tNOUN\tN\t_\t9\tnmod\t_\t_\n13\t\u2c99\t\u2c9b\tADP\tPREP\t_\t15\tcase\t_\t_\n14\t\u2ca1\t\u2ca1\tDET\tART\tDefinite=Def|Gender=Masc|Number=Sing|PronType=Art\t15\tdet\t_\t_\n15\t\u2ca3\u2cb1\u2c99\u2c89\t\u2ca3\u2cb1\u2c99\u2c89\tNOUN\tN\t_\t12\tnmod\t_\t_\n16\t\u2c89\u2ca7\t\u2c89\u2ca7\u2c89\u2ca3\u2c89\tSCONJ\tCREL\t_\t18\tmark\t_\t_\n17\t\u2c9b\u2c81\t\u2c9b\u2c81\tAUX\tVSTAT\tVerbForm=Fin\t18\taux\t_\t_\n18\t\u2c9b\t\u2c9b\tADP\tPREP\t_\t15\tacl:relcl\t_\t_\n19\t\u03ef\t\u2ca1\u2c93\tDET\tPDEM\t_\t20\tnsubj\t_\t_\n20\t\u2c83\u2c97\u03eb\u2c89\t\u2c83\u2c97\u03eb\u2c89\tNOUN\tN\t_\t18\txcomp\t_\t_\n21\t\u2c9b\u2c81\t\u2c9b\u2c81\tADP\tPREP\t_\t22\tcase\t_\t_\n22\t\u2c95\t\u2c9b\u2ca7\u2c9f\u2c95\tDET\tPPERO\tDefinite=Def|Gender=Masc|Number=Sing|Person=2|PronType=Prs\t20\tobl\t_\t_\n23\t\u2c9b\t\u2c9b\tADP\tPREP\t_\t25\tcase\t_\t_\n24\t\u2ca7\u2c89\u2c95\t\u2ca1\u2c89\u2c95\tDET\tPPOS\tDefinite=Def|Gender=Fem|Gender[psor]=Masc|Number=Sing|Number[psor]=Sing|Person=2|Poss=Yes|PronType=Prs\t25\tnmod:poss\t_\t_\n25\t\u2c99\u2c81\u03eb\u2c89\t\u2c99\u2c81\u03eb\u2c89\tNOUN\tN\t_\t20\tobj\t_\t_\n26\t\u2ca7\u2cb1\u2c95\t\u2ca7\u2cb1\u2c95\tVERB\tV\tVerbForm=Fin\t7\tparataxis\t_\t_\\nUsing all the information provided above, now please translate the sentence into English(en_US).Remember your source sentence is: \u03ef\u2c9b\u2c9f\u2ca9 \u2ca3\u2ca1\u2c9b\u2c81 \u2c9b\u2c85\u03ef \u2c9f\u2ca9\u2c81\u2c93\u2ca1\u2c89 \u2c9b\u2c9b\u2c89\u2ca3\u03e3\u2c93\u2c9b \u2c99\u2ca1\u2ca3\u2cb1\u2c99\u2c89 \u2c89\u2ca7\u2c9b\u2c81 \u2c9b\u03ef\u2c83\u2c97\u03eb\u2c89 \u2c9b\u2c81\u2c95 \u2c9b\u2ca7\u2c89\u2c95\u2c99\u2c81\u03eb\u2c89 \u2ca7\u2cb1\u2c95 .The English translation is:	I say this to you about the men in Rome who are in the city where you live.
\u2c81\u2ca3\u2c93\u2ca7\u2c81\u2c85\u2c81\u2ca1\u2c8f \u2c99\u2ca1\u2ca3\u2c95\u2cb1 \u2c9b\u03e3\u2c9f\u2ca9 \u03ef \u2ca7\u2c81\u2c93\u2ca1\u2c89 \u2c9b\u2c9b\u2c89\u2ca3\u03e3\u2c93\u2c9b \u2c9b\u2c81\u03e5 \u03eb\u2c89\u2ca1\u2c89\u2ca5\u2c95\u2c8f\u2c97\u2c99\u2cb1\u2ca5 \u03e9\u2c9f\u2ca5\u2c89 	Be so kind, do not abstain from giving the measure of lentils to him because the travel is difficult.	1\t\u2c81\u2ca3\u2c93\t\u2c89\u2c93\u2ca3\u2c89\tVERB\tVIMP\tVerbForm=Fin\t0\troot\t_\t_\n2\t\u2ca7\t\u2ca1\tDET\tART\tDefinite=Def|Gender=Fem|Number=Sing|PronType=Art\t3\tdet\t_\t_\n3\t\u2c81\u2c85\u2c81\u2ca1\u2c8f\t\u2c81\u2c85\u2c81\u2ca1\u2c8f\tNOUN\tN\t_\t1\tobj\t_\tOrigLang=grc\n4\t\u2c99\u2ca1\u2ca3\t\u2c99\u2ca1\u2ca3\tADV\tNEG\tPolarity=Neg\t5\tadvmod\t_\t_\n5\t\u2c95\u2cb1\t\u2c95\u2cb1\tVERB\tV\tVerbForm=Fin\t1\tparataxis\t_\t_\n6\t\u2c9b\t\u2c9b\tADP\tPREP\t_\t7\tcase\t_\t_\n7\t\u03e3\u2c9f\u2ca9\t\u03e3\u2c9f\u2c9f\u2ca9\tNOUN\tN\t_\t5\tobj\t_\t_\n8\t\u03ef\t\u03ef\tVERB\tV\tVerbForm=Fin\t5\txcomp\t_\t_\n9\t\u2ca7\t\u2ca1\tDET\tART\tDefinite=Def|Gender=Fem|Number=Sing|PronType=Art\t10\tdet\t_\t_\n10\t\u2c81\u2c93\u2ca1\u2c89\t\u2c81\u2c93\u2ca1\u2c89\tNOUN\tN\t_\t8\tobj\t_\t_\n11\t\u2c9b\t\u2c9b\tADP\tPREP\t_\t13\tcase\t_\t_\n12\t\u2c9b\t\u2ca1\tDET\tART\tDefinite=Def|Number=Plur|PronType=Art\t13\tdet\t_\t_\n13\t\u2c89\u2ca3\u03e3\u2c93\u2c9b\t\u2c81\u2ca3\u03e3\u2c93\u2c9b\tNOUN\tN\t_\t10\tnmod\t_\t_\n14\t\u2c9b\u2c81\t\u2c9b\u2c81\tADP\tPREP\t_\t15\tcase\t_\t_\n15\t\u03e5\t\u2c9b\u2ca7\u2c9f\u03e5\tDET\tPPERO\tDefinite=Def|Gender=Masc|Number=Sing|Person=3|PronType=Prs\t13\tobl\t_\t_\n16\t\u03eb\u2c89\t\u03eb\u2c89\tSCONJ\tCONJ\t_\t19\tmark\t_\t_\n17\t\u2ca1\u2c89\t\u2ca1\tDET\tART\tDefinite=Def|Gender=Masc|Number=Sing|PronType=Art\t18\tdet\t_\t_\n18\t\u2ca5\u2c95\u2c8f\u2c97\u2c99\u2cb1\u2ca5\t\u2ca5\u2c95\u2c8f\u2c97\u2c99\u2cb1\u2ca5\tNOUN\tN\t_\t19\tnsubj\t_\t_\n19\t\u03e9\u2c9f\u2ca5\u2c89\t\u03e9\u2c93\u2ca5\u2c89\tVERB\tVSTAT\tVerbForm=Fin\t13\tccomp\t_\t_	You are a professional Coptic-to-English translator tasked with providing translations suitable for use in United States (en_US). Your goal is to accurately convey the meaning and nuances of the original Coptic text while adhering to English grammar, vocabulary, and cultural sensitivities.Produce only the English translation, without any additional explanations or commentary.Please translate the following Coptic text into English (en_US):\\n\u2c81\u2ca3\u2c93\u2ca7\u2c81\u2c85\u2c81\u2ca1\u2c8f \u2c99\u2ca1\u2ca3\u2c95\u2cb1 \u2c9b\u03e3\u2c9f\u2ca9 \u03ef \u2ca7\u2c81\u2c93\u2ca1\u2c89 \u2c9b\u2c9b\u2c89\u2ca3\u03e3\u2c93\u2c9b \u2c9b\u2c81\u03e5 \u03eb\u2c89\u2ca1\u2c89\u2ca5\u2c95\u2c8f\u2c97\u2c99\u2cb1\u2ca5 \u03e9\u2c9f\u2ca5\u2c89 .The raw conllu data for the sentence is in the CONLL-U format: \\n1\t\u2c81\u2ca3\u2c93\t\u2c89\u2c93\u2ca3\u2c89\tVERB\tVIMP\tVerbForm=Fin\t0\troot\t_\t_\n2\t\u2ca7\t\u2ca1\tDET\tART\tDefinite=Def|Gender=Fem|Number=Sing|PronType=Art\t3\tdet\t_\t_\n3\t\u2c81\u2c85\u2c81\u2ca1\u2c8f\t\u2c81\u2c85\u2c81\u2ca1\u2c8f\tNOUN\tN\t_\t1\tobj\t_\tOrigLang=grc\n4\t\u2c99\u2ca1\u2ca3\t\u2c99\u2ca1\u2ca3\tADV\tNEG\tPolarity=Neg\t5\tadvmod\t_\t_\n5\t\u2c95\u2cb1\t\u2c95\u2cb1\tVERB\tV\tVerbForm=Fin\t1\tparataxis\t_\t_\n6\t\u2c9b\t\u2c9b\tADP\tPREP\t_\t7\tcase\t_\t_\n7\t\u03e3\u2c9f\u2ca9\t\u03e3\u2c9f\u2c9f\u2ca9\tNOUN\tN\t_\t5\tobj\t_\t_\n8\t\u03ef\t\u03ef\tVERB\tV\tVerbForm=Fin\t5\txcomp\t_\t_\n9\t\u2ca7\t\u2ca1\tDET\tART\tDefinite=Def|Gender=Fem|Number=Sing|PronType=Art\t10\tdet\t_\t_\n10\t\u2c81\u2c93\u2ca1\u2c89\t\u2c81\u2c93\u2ca1\u2c89\tNOUN\tN\t_\t8\tobj\t_\t_\n11\t\u2c9b\t\u2c9b\tADP\tPREP\t_\t13\tcase\t_\t_\n12\t\u2c9b\t\u2ca1\tDET\tART\tDefinite=Def|Number=Plur|PronType=Art\t13\tdet\t_\t_\n13\t\u2c89\u2ca3\u03e3\u2c93\u2c9b\t\u2c81\u2ca3\u03e3\u2c93\u2c9b\tNOUN\tN\t_\t10\tnmod\t_\t_\n14\t\u2c9b\u2c81\t\u2c9b\u2c81\tADP\tPREP\t_\t15\tcase\t_\t_\n15\t\u03e5\t\u2c9b\u2ca7\u2c9f\u03e5\tDET\tPPERO\tDefinite=Def|Gender=Masc|Number=Sing|Person=3|PronType=Prs\t13\tobl\t_\t_\n16\t\u03eb\u2c89\t\u03eb\u2c89\tSCONJ\tCONJ\t_\t19\tmark\t_\t_\n17\t\u2ca1\u2c89\t\u2ca1\tDET\tART\tDefinite=Def|Gender=Masc|Number=Sing|PronType=Art\t18\tdet\t_\t_\n18\t\u2ca5\u2c95\u2c8f\u2c97\u2c99\u2cb1\u2ca5\t\u2ca5\u2c95\u2c8f\u2c97\u2c99\u2cb1\u2ca5\tNOUN\tN\t_\t19\tnsubj\t_\t_\n19\t\u03e9\u2c9f\u2ca5\u2c89\t\u03e9\u2c93\u2ca5\u2c89\tVERB\tVSTAT\tVerbForm=Fin\t13\tccomp\t_\t_\\nUsing all the information provided above, now please translate the sentence into English(en_US).Remember your source sentence is: \u2c81\u2ca3\u2c93\u2ca7\u2c81\u2c85\u2c81\u2ca1\u2c8f \u2c99\u2ca1\u2ca3\u2c95\u2cb1 \u2c9b\u03e3\u2c9f\u2ca9 \u03ef \u2ca7\u2c81\u2c93\u2ca1\u2c89 \u2c9b\u2c9b\u2c89\u2ca3\u03e3\u2c93\u2c9b \u2c9b\u2c81\u03e5 \u03eb\u2c89\u2ca1\u2c89\u2ca5\u2c95\u2c8f\u2c97\u2c99\u2cb1\u2ca5 \u03e9\u2c9f\u2ca5\u2c89 .The English translation is:	Love does not act according to the desires of the flesh, but it is the dog that obeys.
\u2ca7\u2c81\u2c81\u2ca5 \u2c99\u2ca1\u2c87\u2c93\u2c81\u2c95\u2c9f\u2c9b\u2c9f\u2ca5 \u03e9\u2c93\u2ca7\u2c9b\u2ca1\u2ca5\u2c99\u2cb1\u2c89\u2c93 	Give it to the deacon from Psmoei.	1\t\u2ca7\u2c81\u2c81\t\u03ef\tVERB\tV\tVerbForm=Fin\t0\troot\t_\t_\n2\t\u2ca5\t\u2c9b\u2ca7\u2c9f\u2ca5\tDET\tPPERO\tDefinite=Def|Gender=Fem|Number=Sing|Person=3|PronType=Prs\t1\tobj\t_\t_\n3\t\u2c99\t\u2c9b\tADP\tPREP\t_\t5\tcase\t_\t_\n4\t\u2ca1\t\u2ca1\tDET\tART\tDefinite=Def|Gender=Masc|Number=Sing|PronType=Art\t5\tdet\t_\t_\n5\t\u2c87\u2c93\u2c81\u2c95\u2c9f\u2c9b\u2c9f\u2ca5\t\u2c87\u2c93\u2c81\u2c95\u2c9f\u2c9b\u2c9f\u2ca5\tNOUN\tN\t_\t1\tobl\t_\tOrigLang=grc\n6\t\u03e9\u2c93\u2ca7\u2c9b\t\u03e9\u2c93\u2ca7\u2c9b\tADP\tPREP\t_\t7\tcase\t_\t_\n7\t\u2ca1\u2ca5\u2c99\u2cb1\u2c89\u2c93\t\u2ca1\u2ca5\u2c99\u2cb1\u2c89\u2c93\tPROPN\tNPROP\t_\t1\tobl\t_\t_	You are a professional Coptic-to-English translator tasked with providing translations suitable for use in United States (en_US). Your goal is to accurately convey the meaning and nuances of the original Coptic text while adhering to English grammar, vocabulary, and cultural sensitivities.Produce only the English translation, without any additional explanations or commentary.Please translate the following Coptic text into English (en_US):\\n\u2ca7\u2c81\u2c81\u2ca5 \u2c99\u2ca1\u2c87\u2c93\u2c81\u2c95\u2c9f\u2c9b\u2c9f\u2ca5 \u03e9\u2c93\u2ca7\u2c9b\u2ca1\u2ca5\u2c99\u2cb1\u2c89\u2c93 .The raw conllu data for the sentence is in the CONLL-U format: \\n1\t\u2ca7\u2c81\u2c81\t\u03ef\tVERB\tV\tVerbForm=Fin\t0\troot\t_\t_\n2\t\u2ca5\t\u2c9b\u2ca7\u2c9f\u2ca5\tDET\tPPERO\tDefinite=Def|Gender=Fem|Number=Sing|Person=3|PronType=Prs\t1\tobj\t_\t_\n3\t\u2c99\t\u2c9b\tADP\tPREP\t_\t5\tcase\t_\t_\n4\t\u2ca1\t\u2ca1\tDET\tART\tDefinite=Def|Gender=Masc|Number=Sing|PronType=Art\t5\tdet\t_\t_\n5\t\u2c87\u2c93\u2c81\u2c95\u2c9f\u2c9b\u2c9f\u2ca5\t\u2c87\u2c93\u2c81\u2c95\u2c9f\u2c9b\u2c9f\u2ca5\tNOUN\tN\t_\t1\tobl\t_\tOrigLang=grc\n6\t\u03e9\u2c93\u2ca7\u2c9b\t\u03e9\u2c93\u2ca7\u2c9b\tADP\tPREP\t_\t7\tcase\t_\t_\n7\t\u2ca1\u2ca5\u2c99\u2cb1\u2c89\u2c93\t\u2ca1\u2ca5\u2c99\u2cb1\u2c89\u2c93\tPROPN\tNPROP\t_\t1\tobl\t_\t_\\nUsing all the information provided above, now please translate the sentence into English(en_US).Remember your source sentence is: \u2ca7\u2c81\u2c81\u2ca5 \u2c99\u2ca1\u2c87\u2c93\u2c81\u2c95\u2c9f\u2c9b\u2c9f\u2ca5 \u03e9\u2c93\u2ca7\u2c9b\u2ca1\u2ca5\u2c99\u2cb1\u2c89\u2c93 .The English translation is:	The deacon is in Psmoe.
\u2ce8 \u2c89\u2ca1\u2c89\u2c93\u2c87\u2c8f \u2c81\u2c95\u2c99\u2c9f\u2c9f\u03e3\u2c89 \u03e9\u2c93\u2ca7\u2c9f\u2c9f\u2ca7 \u03eb\u2c89\u2c89\u2c93\u2c9b\u2c81\u03eb\u2c93 \u2c9b\u2c89\u2c83\u2ca3\u2c8f\u2c9f\u2ca9\u2c89 \u2c81\u03e9\u2c93\u2c97\u2c93\u2c81\u2ca5 \u2ca5\u2cb1\u2c83\u2c89 \u2c99\u2c99\u2c9f\u2c93 \u2c89\u2ca7\u2c83\u2c89\u2c9b\u2ca5\u2c93\u2c99\u2ca5\u2c93\u2c99 	Since you left me saying I shall take the crops Elias laughed at me concerning the vegetables.	1\t\u2ce8\t\u2ce8\tPUNCT\tPUNCT\t_\t5\tpunct\t_\t_\n2\t\u2c89\u2ca1\u2c89\u2c93\u2c87\u2c8f\t\u2c89\u2ca1\u2c89\u2c93\u2c87\u2c8f\tSCONJ\tCONJ\t_\t5\tmark\t_\tOrigLang=grc\n3\t\u2c81\t\u2c81\tAUX\tAPST\t_\t5\taux\t_\t_\n4\t\u2c95\t\u2c9b\u2ca7\u2c9f\u2c95\tDET\tPPERS\tDefinite=Def|Gender=Masc|Number=Sing|Person=2|PronType=Prs\t5\tnsubj\t_\t_\n5\t\u2c99\u2c9f\u2c9f\u03e3\u2c89\t\u2c99\u2c9f\u2c9f\u03e3\u2c89\tVERB\tV\tVerbForm=Fin\t0\troot\t_\t_\n6\t\u03e9\u2c93\u2ca7\u2c9f\u2c9f\u2ca7\t\u03e9\u2c93\u2ca7\u2c9b_\u2c81\u2c9b\u2c9f\u2c95\tPRON\tPREP_PPERO\tDefinite=Def|Number=Sing|Person=1|PronType=Prs\t5\tobl\t_\t_\n7\t\u03eb\u2c89\t\u03eb\u2c89\tSCONJ\tCONJ\t_\t11\tmark\t_\t_\n8\t\u2c89\t\u2c89\u2ca3\u2c89\tPART\tCFOC\t_\t11\tmark\t_\t_\n9\t\u2c93\t\u2c81\u2c9b\u2c9f\u2c95\tDET\tPPERS\tDefinite=Def|Number=Sing|Person=1|PronType=Prs\t11\tnsubj\t_\t_\n10\t\u2c9b\u2c81\t\u2c9b\u2c81\tAUX\tFUT\t_\t11\taux\t_\t_\n11\t\u03eb\u2c93\t\u03eb\u2c93\tVERB\tV\tVerbForm=Fin\t5\tccomp\t_\t_\n12\t\u2c9b\t\u2c9b\tADP\tPREP\t_\t13\tcase\t_\t_\n13\t\u2c89\u2c83\u2ca3\u2c8f\u2c9f\u2ca9\u2c89\t\u2c89\u2c83\u2ca3\u2c8f\u2c9f\u2ca9\u2c89\tNOUN\tN\t_\t11\tobj\t_\t_\n14\t\u2c81\t\u2c81\tAUX\tAPST\t_\t16\taux\t_\t_\n15\t\u03e9\u2c93\u2c97\u2c93\u2c81\u2ca5\t\u03e9\u2c93\u2c97\u2c93\u2c81\u2ca5\tDET\tPPERS\t_\t16\tnsubj\t_\t_\n16\t\u2ca5\u2cb1\u2c83\u2c89\t\u2ca5\u2cb1\u2c83\u2c89\tVERB\tV\tVerbForm=Fin\t11\tparataxis\t_\t_\n17\t\u2c99\u2c99\u2c9f\t\u2c9b\tADP\tPREP\t_\t18\tcase\t_\t_\n18\t\u2c93\t\u2c81\u2c9b\u2c9f\u2c95\tDET\tPPERO\tDefinite=Def|Number=Sing|Person=1|PronType=Prs\t16\tobj\t_\t_\n19\t\u2c89\u2ca7\u2c83\u2c89\t\u2c89\u2ca7\u2c83\u2c89\tADP\tPREP\t_\t21\tcase\t_\t_\n20\t\u2c9b\t\u2ca1\tDET\tART\tDefinite=Def|Number=Plur|PronType=Art\t21\tdet\t_\t_\n21\t\u2ca5\u2c93\u2c99\u2ca5\u2c93\u2c99\t\u2ca5\u2c93\u2c99\u2ca5\u2c93\u2c99\tNUM\tNUM\tNumType=Card\t16\tobl\t_\t_	You are a professional Coptic-to-English translator tasked with providing translations suitable for use in United States (en_US). Your goal is to accurately convey the meaning and nuances of the original Coptic text while adhering to English grammar, vocabulary, and cultural sensitivities.Produce only the English translation, without any additional explanations or commentary.Please translate the following Coptic text into English (en_US):\\n\u2ce8 \u2c89\u2ca1\u2c89\u2c93\u2c87\u2c8f \u2c81\u2c95\u2c99\u2c9f\u2c9f\u03e3\u2c89 \u03e9\u2c93\u2ca7\u2c9f\u2c9f\u2ca7 \u03eb\u2c89\u2c89\u2c93\u2c9b\u2c81\u03eb\u2c93 \u2c9b\u2c89\u2c83\u2ca3\u2c8f\u2c9f\u2ca9\u2c89 \u2c81\u03e9\u2c93\u2c97\u2c93\u2c81\u2ca5 \u2ca5\u2cb1\u2c83\u2c89 \u2c99\u2c99\u2c9f\u2c93 \u2c89\u2ca7\u2c83\u2c89\u2c9b\u2ca5\u2c93\u2c99\u2ca5\u2c93\u2c99 .The raw conllu data for the sentence is in the CONLL-U format: \\n1\t\u2ce8\t\u2ce8\tPUNCT\tPUNCT\t_\t5\tpunct\t_\t_\n2\t\u2c89\u2ca1\u2c89\u2c93\u2c87\u2c8f\t\u2c89\u2ca1\u2c89\u2c93\u2c87\u2c8f\tSCONJ\tCONJ\t_\t5\tmark\t_\tOrigLang=grc\n3\t\u2c81\t\u2c81\tAUX\tAPST\t_\t5\taux\t_\t_\n4\t\u2c95\t\u2c9b\u2ca7\u2c9f\u2c95\tDET\tPPERS\tDefinite=Def|Gender=Masc|Number=Sing|Person=2|PronType=Prs\t5\tnsubj\t_\t_\n5\t\u2c99\u2c9f\u2c9f\u03e3\u2c89\t\u2c99\u2c9f\u2c9f\u03e3\u2c89\tVERB\tV\tVerbForm=Fin\t0\troot\t_\t_\n6\t\u03e9\u2c93\u2ca7\u2c9f\u2c9f\u2ca7\t\u03e9\u2c93\u2ca7\u2c9b_\u2c81\u2c9b\u2c9f\u2c95\tPRON\tPREP_PPERO\tDefinite=Def|Number=Sing|Person=1|PronType=Prs\t5\tobl\t_\t_\n7\t\u03eb\u2c89\t\u03eb\u2c89\tSCONJ\tCONJ\t_\t11\tmark\t_\t_\n8\t\u2c89\t\u2c89\u2ca3\u2c89\tPART\tCFOC\t_\t11\tmark\t_\t_\n9\t\u2c93\t\u2c81\u2c9b\u2c9f\u2c95\tDET\tPPERS\tDefinite=Def|Number=Sing|Person=1|PronType=Prs\t11\tnsubj\t_\t_\n10\t\u2c9b\u2c81\t\u2c9b\u2c81\tAUX\tFUT\t_\t11\taux\t_\t_\n11\t\u03eb\u2c93\t\u03eb\u2c93\tVERB\tV\tVerbForm=Fin\t5\tccomp\t_\t_\n12\t\u2c9b\t\u2c9b\tADP\tPREP\t_\t13\tcase\t_\t_\n13\t\u2c89\u2c83\u2ca3\u2c8f\u2c9f\u2ca9\u2c89\t\u2c89\u2c83\u2ca3\u2c8f\u2c9f\u2ca9\u2c89\tNOUN\tN\t_\t11\tobj\t_\t_\n14\t\u2c81\t\u2c81\tAUX\tAPST\t_\t16\taux\t_\t_\n15\t\u03e9\u2c93\u2c97\u2c93\u2c81\u2ca5\t\u03e9\u2c93\u2c97\u2c93\u2c81\u2ca5\tDET\tPPERS\t_\t16\tnsubj\t_\t_\n16\t\u2ca5\u2cb1\u2c83\u2c89\t\u2ca5\u2cb1\u2c83\u2c89\tVERB\tV\tVerbForm=Fin\t11\tparataxis\t_\t_\n17\t\u2c99\u2c99\u2c9f\t\u2c9b\tADP\tPREP\t_\t18\tcase\t_\t_\n18\t\u2c93\t\u2c81\u2c9b\u2c9f\u2c95\tDET\tPPERO\tDefinite=Def|Number=Sing|Person=1|PronType=Prs\t16\tobj\t_\t_\n19\t\u2c89\u2ca7\u2c83\u2c89\t\u2c89\u2ca7\u2c83\u2c89\tADP\tPREP\t_\t21\tcase\t_\t_\n20\t\u2c9b\t\u2ca1\tDET\tART\tDefinite=Def|Number=Plur|PronType=Art\t21\tdet\t_\t_\n21\t\u2ca5\u2c93\u2c99\u2ca5\u2c93\u2c99\t\u2ca5\u2c93\u2c99\u2ca5\u2c93\u2c99\tNUM\tNUM\tNumType=Card\t16\tobl\t_\t_\\nUsing all the information provided above, now please translate the sentence into English(en_US).Remember your source sentence is: \u2ce8 \u2c89\u2ca1\u2c89\u2c93\u2c87\u2c8f \u2c81\u2c95\u2c99\u2c9f\u2c9f\u03e3\u2c89 \u03e9\u2c93\u2ca7\u2c9f\u2c9f\u2ca7 \u03eb\u2c89\u2c89\u2c93\u2c9b\u2c81\u03eb\u2c93 \u2c9b\u2c89\u2c83\u2ca3\u2c8f\u2c9f\u2ca9\u2c89 \u2c81\u03e9\u2c93\u2c97\u2c93\u2c81\u2ca5 \u2ca5\u2cb1\u2c83\u2c89 \u2c99\u2c99\u2c9f\u2c93 \u2c89\u2ca7\u2c83\u2c89\u2c9b\u2ca5\u2c93\u2c99\u2ca5\u2c93\u2c99 .The English translation is:	And when you have finished, I will come to the Hebrews; Elias will save me with many signs.
\u2c99\u2c89\u03e5\u2ca7\u2c81\u2c81\u2ca9 \u2c9b\u2c81\u2c93 	He did not give them to me.	1\t\u2c99\u2c89\t\u2c99\u2c89\tAUX\tN\t_\t3\taux\t_\t_\n2\t\u03e5\t\u2c9b\u2ca7\u2c9f\u03e5\tDET\tPPERS\tDefinite=Def|Gender=Masc|Number=Sing|Person=3|PronType=Prs\t3\tnsubj\t_\t_\n3\t\u2ca7\u2c81\u2c81\t\u03ef\tVERB\tV\tVerbForm=Fin\t0\troot\t_\t_\n4\t\u2ca9\t\u2c9b\u2ca7\u2c9f\u2c9f\u2ca9\tDET\tPPERO\tDefinite=Def|Number=Plur|Person=3|PronType=Prs\t3\tobj\t_\t_\n5\t\u2c9b\u2c81\t\u2c9b\u2c81\tADP\tPREP\t_\t6\tcase\t_\t_\n6\t\u2c93\t\u2c81\u2c9b\u2c9f\u2c95\tDET\tPPERO\tDefinite=Def|Number=Sing|Person=1|PronType=Prs\t3\tobl\t_\t_	You are a professional Coptic-to-English translator tasked with providing translations suitable for use in United States (en_US). Your goal is to accurately convey the meaning and nuances of the original Coptic text while adhering to English grammar, vocabulary, and cultural sensitivities.Produce only the English translation, without any additional explanations or commentary.Please translate the following Coptic text into English (en_US):\\n\u2c99\u2c89\u03e5\u2ca7\u2c81\u2c81\u2ca9 \u2c9b\u2c81\u2c93 .The raw conllu data for the sentence is in the CONLL-U format: \\n1\t\u2c99\u2c89\t\u2c99\u2c89\tAUX\tN\t_\t3\taux\t_\t_\n2\t\u03e5\t\u2c9b\u2ca7\u2c9f\u03e5\tDET\tPPERS\tDefinite=Def|Gender=Masc|Number=Sing|Person=3|PronType=Prs\t3\tnsubj\t_\t_\n3\t\u2ca7\u2c81\u2c81\t\u03ef\tVERB\tV\tVerbForm=Fin\t0\troot\t_\t_\n4\t\u2ca9\t\u2c9b\u2ca7\u2c9f\u2c9f\u2ca9\tDET\tPPERO\tDefinite=Def|Number=Plur|Person=3|PronType=Prs\t3\tobj\t_\t_\n5\t\u2c9b\u2c81\t\u2c9b\u2c81\tADP\tPREP\t_\t6\tcase\t_\t_\n6\t\u2c93\t\u2c81\u2c9b\u2c9f\u2c95\tDET\tPPERO\tDefinite=Def|Number=Sing|Person=1|PronType=Prs\t3\tobl\t_\t_\\nUsing all the information provided above, now please translate the sentence into English(en_US).Remember your source sentence is: \u2c99\u2c89\u03e5\u2ca7\u2c81\u2c81\u2ca9 \u2c9b\u2c81\u2c93 .The English translation is:	He is with me.
\u2c81\u2ca9\u2cb1 \u2c9f\u2c9b \u2c9f\u2ca9\u2c99\u2c9b\u2ca7 \u2c9b\u2c83\u2c9b\u2c9b\u2c89 \u2c89\u2c9b\u2ca7\u2c81\u2c93\u03ed\u2c9b\u2ca7\u03e5 \u2c99\u2c81\u2ca3\u2c89\u03e5\u03eb\u2c9f\u2c9f\u2ca9 \u2c9b\u2ca7\u2c89\u2c9f\u2c89\u2c93\u2ca1\u2c89 \u2c9b\u2c83\u2c9b\u2c9b\u2c89 \u2c99\u2c9b\u2ca1\u2c95\u2c81\u2c99\u2c9f\u2ca9\u2c97 \u2c9b\u2ca7\u2c81\u2ca7\u2c9b\u2c9b\u2c9f\u2c9f\u2ca9 \u2c9b\u2c9f\u2ca3\u2c9d 	And as for a measure of dates that I found may he send the measure of dates with the camel in order that I may send the arax.	1\t\u2c81\u2ca9\u2cb1\t\u2c81\u2ca9\u2cb1\tCCONJ\tCONJ\t_\t14\tcc\t_\t_\n2\t\u2c9f\u2c9b\t\u2c9f\u2c9b\tADV\tADV\t_\t14\tadvmod\t_\t_\n3\t\u2c9f\u2ca9\t\u2c9f\u2ca9\tDET\tART\tDefinite=Ind|Number=Sing|PronType=Art\t4\tdet\t_\t_\n4\t\u2c99\u2c9b\u2ca7\t\u2c99\u2c9b\u2ca7\u2c89\tVERB\tEXIST\tPolarity=Neg\t14\tdislocated\t_\t_\n5\t\u2c9b\t\u2ca1\tDET\tART\tDefinite=Def|Number=Plur|PronType=Art\t6\tdet\t_\t_\n6\t\u2c83\u2c9b\u2c9b\u2c89\t\u2c83\u2c9b\u2c9b\u2c89\tNOUN\tN\t_\t4\tnmod\t_\t_\n7\t\u2c89\u2c9b\u2ca7\t\u2c89\u2ca7\u2c89\u2ca3\u2c89\tSCONJ\tCREL\t_\t10\tmark\t_\t_\n8\t\u2c81\t\u2c81\tAUX\tAPST\t_\t10\taux\t_\t_\n9\t\u2c93\t\u2c81\u2c9b\u2c9f\u2c95\tDET\tPPERS\tDefinite=Def|Number=Sing|Person=1|PronType=Prs\t10\tnsubj\t_\t_\n10\t\u03ed\u2c9b\u2ca7\t\u03ed\u2c93\u2c9b\u2c89\tVERB\tV\tVerbForm=Fin\t4\tcsubj\t_\t_\n11\t\u03e5\t\u2c9b\u2ca7\u2c9f\u03e5\tDET\tPPERO\tDefinite=Def|Gender=Masc|Number=Sing|Person=3|PronType=Prs\t10\tobj\t_\t_\n12\t\u2c99\u2c81\u2ca3\u2c89\t\u2c99\u2c81\u2ca3\u2c89\tAUX\tAJUS\t_\t14\taux\t_\t_\n13\t\u03e5\t\u2c9b\u2ca7\u2c9f\u03e5\tDET\tPPERS\tDefinite=Def|Gender=Masc|Number=Sing|Person=3|PronType=Prs\t14\tnsubj\t_\t_\n14\t\u03eb\u2c9f\u2c9f\u2ca9\t\u03eb\u2c9f\u2c9f\u2ca9\tVERB\tV\tVerbForm=Fin\t0\troot\t_\t_\n15\t\u2c9b\u2ca7\u2c89\u2c9f\u2c89\u2c93\u2ca1\u2c89\t\u2c9b\u2ca7\u2c89\u2c9f\u2c89\u2c93\u2ca1\u2c89\tDET\tPPERO\t_\t14\tobj\t_\t_\n16\t\u2c9b\t\u2c9b\tADP\tPREP\t_\t17\tcase\t_\t_\n17\t\u2c83\u2c9b\u2c9b\u2c89\t\u2c83\u2c9b\u2c9b\u2c89\tNOUN\tN\t_\t15\tnmod\t_\t_\n18\t\u2c99\u2c9b\t\u2c99\u2c9b\tADP\tPREP\t_\t20\tcc\t_\t_\n19\t\u2ca1\t\u2ca1\tDET\tART\tDefinite=Def|Gender=Masc|Number=Sing|PronType=Art\t20\tdet\t_\t_\n20\t\u2c95\u2c81\u2c99\u2c9f\u2ca9\u2c97\t\u2c95\u2c81\u2c99\u2c9f\u2ca9\u2c97\tVERB\tV\tVerbForm=Fin\t17\tconj\t_\t_\n21\t\u2c9b\u2ca7\t\u2c9b\u2ca7\tAUX\tACONJ\t_\t23\tmark\t_\t_\n22\t\u2c81\t\u2c81\u2c9b\u2c9f\u2c95\tDET\tPPERS\tDefinite=Def|Number=Sing|Person=1|PronType=Prs\t23\tnsubj\t_\t_\n23\t\u2ca7\u2c9b\u2c9b\u2c9f\u2c9f\u2ca9\t\u2ca7\u2c9b\u2c9b\u2c9f\u2c9f\u2ca9\tVERB\tV\tVerbForm=Fin\t20\tacl:relcl\t_\t_\n24\t\u2c9b\t\u2c9b\tADP\tPREP\t_\t25\tcase\t_\t_\n25\t\u2c9f\u2ca3\u2c9d\t\u2c9f\u2ca3\u2c9d\tPROPN\tNPROP\t_\t23\tobl\t_\tOrigLang=grc	You are a professional Coptic-to-English translator tasked with providing translations suitable for use in United States (en_US). Your goal is to accurately convey the meaning and nuances of the original Coptic text while adhering to English grammar, vocabulary, and cultural sensitivities.Produce only the English translation, without any additional explanations or commentary.Please translate the following Coptic text into English (en_US):\\n\u2c81\u2ca9\u2cb1 \u2c9f\u2c9b \u2c9f\u2ca9\u2c99\u2c9b\u2ca7 \u2c9b\u2c83\u2c9b\u2c9b\u2c89 \u2c89\u2c9b\u2ca7\u2c81\u2c93\u03ed\u2c9b\u2ca7\u03e5 \u2c99\u2c81\u2ca3\u2c89\u03e5\u03eb\u2c9f\u2c9f\u2ca9 \u2c9b\u2ca7\u2c89\u2c9f\u2c89\u2c93\u2ca1\u2c89 \u2c9b\u2c83\u2c9b\u2c9b\u2c89 \u2c99\u2c9b\u2ca1\u2c95\u2c81\u2c99\u2c9f\u2ca9\u2c97 \u2c9b\u2ca7\u2c81\u2ca7\u2c9b\u2c9b\u2c9f\u2c9f\u2ca9 \u2c9b\u2c9f\u2ca3\u2c9d .The raw conllu data for the sentence is in the CONLL-U format: \\n1\t\u2c81\u2ca9\u2cb1\t\u2c81\u2ca9\u2cb1\tCCONJ\tCONJ\t_\t14\tcc\t_\t_\n2\t\u2c9f\u2c9b\t\u2c9f\u2c9b\tADV\tADV\t_\t14\tadvmod\t_\t_\n3\t\u2c9f\u2ca9\t\u2c9f\u2ca9\tDET\tART\tDefinite=Ind|Number=Sing|PronType=Art\t4\tdet\t_\t_\n4\t\u2c99\u2c9b\u2ca7\t\u2c99\u2c9b\u2ca7\u2c89\tVERB\tEXIST\tPolarity=Neg\t14\tdislocated\t_\t_\n5\t\u2c9b\t\u2ca1\tDET\tART\tDefinite=Def|Number=Plur|PronType=Art\t6\tdet\t_\t_\n6\t\u2c83\u2c9b\u2c9b\u2c89\t\u2c83\u2c9b\u2c9b\u2c89\tNOUN\tN\t_\t4\tnmod\t_\t_\n7\t\u2c89\u2c9b\u2ca7\t\u2c89\u2ca7\u2c89\u2ca3\u2c89\tSCONJ\tCREL\t_\t10\tmark\t_\t_\n8\t\u2c81\t\u2c81\tAUX\tAPST\t_\t10\taux\t_\t_\n9\t\u2c93\t\u2c81\u2c9b\u2c9f\u2c95\tDET\tPPERS\tDefinite=Def|Number=Sing|Person=1|PronType=Prs\t10\tnsubj\t_\t_\n10\t\u03ed\u2c9b\u2ca7\t\u03ed\u2c93\u2c9b\u2c89\tVERB\tV\tVerbForm=Fin\t4\tcsubj\t_\t_\n11\t\u03e5\t\u2c9b\u2ca7\u2c9f\u03e5\tDET\tPPERO\tDefinite=Def|Gender=Masc|Number=Sing|Person=3|PronType=Prs\t10\tobj\t_\t_\n12\t\u2c99\u2c81\u2ca3\u2c89\t\u2c99\u2c81\u2ca3\u2c89\tAUX\tAJUS\t_\t14\taux\t_\t_\n13\t\u03e5\t\u2c9b\u2ca7\u2c9f\u03e5\tDET\tPPERS\tDefinite=Def|Gender=Masc|Number=Sing|Person=3|PronType=Prs\t14\tnsubj\t_\t_\n14\t\u03eb\u2c9f\u2c9f\u2ca9\t\u03eb\u2c9f\u2c9f\u2ca9\tVERB\tV\tVerbForm=Fin\t0\troot\t_\t_\n15\t\u2c9b\u2ca7\u2c89\u2c9f\u2c89\u2c93\u2ca1\u2c89\t\u2c9b\u2ca7\u2c89\u2c9f\u2c89\u2c93\u2ca1\u2c89\tDET\tPPERO\t_\t14\tobj\t_\t_\n16\t\u2c9b\t\u2c9b\tADP\tPREP\t_\t17\tcase\t_\t_\n17\t\u2c83\u2c9b\u2c9b\u2c89\t\u2c83\u2c9b\u2c9b\u2c89\tNOUN\tN\t_\t15\tnmod\t_\t_\n18\t\u2c99\u2c9b\t\u2c99\u2c9b\tADP\tPREP\t_\t20\tcc\t_\t_\n19\t\u2ca1\t\u2ca1\tDET\tART\tDefinite=Def|Gender=Masc|Number=Sing|PronType=Art\t20\tdet\t_\t_\n20\t\u2c95\u2c81\u2c99\u2c9f\u2ca9\u2c97\t\u2c95\u2c81\u2c99\u2c9f\u2ca9\u2c97\tVERB\tV\tVerbForm=Fin\t17\tconj\t_\t_\n21\t\u2c9b\u2ca7\t\u2c9b\u2ca7\tAUX\tACONJ\t_\t23\tmark\t_\t_\n22\t\u2c81\t\u2c81\u2c9b\u2c9f\u2c95\tDET\tPPERS\tDefinite=Def|Number=Sing|Person=1|PronType=Prs\t23\tnsubj\t_\t_\n23\t\u2ca7\u2c9b\u2c9b\u2c9f\u2c9f\u2ca9\t\u2ca7\u2c9b\u2c9b\u2c9f\u2c9f\u2ca9\tVERB\tV\tVerbForm=Fin\t20\tacl:relcl\t_\t_\n24\t\u2c9b\t\u2c9b\tADP\tPREP\t_\t25\tcase\t_\t_\n25\t\u2c9f\u2ca3\u2c9d\t\u2c9f\u2ca3\u2c9d\tPROPN\tNPROP\t_\t23\tobl\t_\tOrigLang=grc\\nUsing all the information provided above, now please translate the sentence into English(en_US).Remember your source sentence is: \u2c81\u2ca9\u2cb1 \u2c9f\u2c9b \u2c9f\u2ca9\u2c99\u2c9b\u2ca7 \u2c9b\u2c83\u2c9b\u2c9b\u2c89 \u2c89\u2c9b\u2ca7\u2c81\u2c93\u03ed\u2c9b\u2ca7\u03e5 \u2c99\u2c81\u2ca3\u2c89\u03e5\u03eb\u2c9f\u2c9f\u2ca9 \u2c9b\u2ca7\u2c89\u2c9f\u2c89\u2c93\u2ca1\u2c89 \u2c9b\u2c83\u2c9b\u2c9b\u2c89 \u2c99\u2c9b\u2ca1\u2c95\u2c81\u2c99\u2c9f\u2ca9\u2c97 \u2c9b\u2ca7\u2c81\u2ca7\u2c9b\u2c9b\u2c9f\u2c9f\u2ca9 \u2c9b\u2c9f\u2ca3\u2c9d .The English translation is:	So it is not possible for me to be the one who does not sin, and I am the one who sins in the flesh in the city of Oxyrhynchus.
\u2c89\u03e3\u2cb1\u2ca1\u2c89 \u2c87\u2c89 \u2c89\u03e5\u2ca7\u2c99\u03eb\u2c9f\u2c9f\u2ca9 \u2c9b\u2c83\u2c9b\u2c9b\u2c89 \u2c99\u2ca1\u2ca3\u03eb\u2c9f\u2c9f\u2ca9 \u2c95\u2c81\u2c99\u2c9f\u2ca9\u2c97 \u2c99\u2c9f\u2c9b\u2c9f\u2c9b \u2c89\u2c93\u03ef \u2c99\u2c99\u2c9f\u2c9f\u2ca9 \u2c9b\u2c81\u2c95 	And if  he does not send the dates do not send a camel only when I give them to you.	1\t\u2c89\u03e3\u2cb1\u2ca1\u2c89\t\u2c89\u03e3\u2cb1\u2ca1\u2c89\tSCONJ\tCONJ\t_\t6\tmark\t_\t_\n2\t\u2c87\u2c89\t\u2c87\u2c89\tPART\tPTC\t_\t10\tadvmod\t_\tOrigLang=grc\n3\t\u2c89\t\u2c89\u2ca3\u2c89\tSCONJ\tCCIRC\t_\t6\tmark\t_\t_\n4\t\u03e5\t\u2c9b\u2ca7\u2c9f\u03e5\tDET\tPPERS\tDefinite=Def|Gender=Masc|Number=Sing|Person=3|PronType=Prs\t6\tnsubj\t_\t_\n5\t\u2ca7\u2c99\t\u2ca7\u2c99\tADV\tNEG\tPolarity=Neg\t6\tadvmod\t_\t_\n6\t\u03eb\u2c9f\u2c9f\u2ca9\t\u03eb\u2c9f\u2c9f\u2ca9\tVERB\tV\tVerbForm=Fin\t10\tadvcl\t_\tCxnElt=6:Conditional-UnspecifiedEpistemic.Protasis\n7\t\u2c9b\t\u2c81\u2c9b\u2c9f\u2c9b\tDET\tPPERO\tDefinite=Def|Number=Plur|Person=1|PronType=Prs\t8\tobj\t_\t_\n8\t\u2c83\u2c9b\u2c9b\u2c89\t\u2c83\u2c9b\u2c9b\u2c89\tNOUN\tN\t_\t6\tobl\t_\t_\n9\t\u2c99\u2ca1\u2ca3\t\u2c99\u2ca1\u2ca3\tADV\tNEG\tPolarity=Neg\t10\tadvmod\t_\t_\n10\t\u03eb\u2c9f\u2c9f\u2ca9\t\u03eb\u2c9f\u2c9f\u2ca9\tVERB\tV\tVerbForm=Fin\t0\troot\t_\tCxn=Conditional-UnspecifiedEpistemic|CxnElt=6:Conditional-UnspecifiedEpistemic.Apodosis\n11\t\u2c95\u2c81\u2c99\u2c9f\u2ca9\u2c97\t\u2c95\u2c81\u2c99\u2c9f\u2ca9\u2c97\tVERB\tV\tVerbForm=Fin\t10\tobj\t_\t_\n12\t\u2c99\u2c9f\u2c9b\u2c9f\u2c9b\t\u2c99\u2c9f\u2c9b\u2c9f\u2c9b\tNUM\tNUM\tNumType=Card\t10\tobl:unmarked\t_\tOrigLang=grc\n13\t\u2c89\t\u2c89\u2ca3\u2c89\tSCONJ\tCCIRC\t_\t15\tmark\t_\t_\n14\t\u2c93\t\u2c81\u2c9b\u2c9f\u2c95\tDET\tPPERS\tDefinite=Def|Number=Sing|Person=1|PronType=Prs\t15\tnsubj\t_\t_\n15\t\u03ef\t\u03ef\tVERB\tV\tVerbForm=Fin\t10\tadvcl\t_\t_\n16\t\u2c99\u2c99\u2c9f\t\u2c9b\tADP\tPREP\t_\t17\tcase\t_\t_\n17\t\u2c9f\u2ca9\t\u2c9b\u2ca7\u2c9f\u2c9f\u2ca9\tDET\tPPERO\tDefinite=Def|Number=Plur|Person=3|PronType=Prs\t15\tobj\t_\t_\n18\t\u2c9b\u2c81\t\u2c9b\u2c81\tADP\tPREP\t_\t19\tcase\t_\t_\n19\t\u2c95\t\u2c9b\u2ca7\u2c9f\u2c95\tDET\tPPERO\tDefinite=Def|Gender=Masc|Number=Sing|Person=2|PronType=Prs\t15\tobl\t_\t_	You are a professional Coptic-to-English translator tasked with providing translations suitable for use in United States (en_US). Your goal is to accurately convey the meaning and nuances of the original Coptic text while adhering to English grammar, vocabulary, and cultural sensitivities.Produce only the English translation, without any additional explanations or commentary.Please translate the following Coptic text into English (en_US):\\n\u2c89\u03e3\u2cb1\u2ca1\u2c89 \u2c87\u2c89 \u2c89\u03e5\u2ca7\u2c99\u03eb\u2c9f\u2c9f\u2ca9 \u2c9b\u2c83\u2c9b\u2c9b\u2c89 \u2c99\u2ca1\u2ca3\u03eb\u2c9f\u2c9f\u2ca9 \u2c95\u2c81\u2c99\u2c9f\u2ca9\u2c97 \u2c99\u2c9f\u2c9b\u2c9f\u2c9b \u2c89\u2c93\u03ef \u2c99\u2c99\u2c9f\u2c9f\u2ca9 \u2c9b\u2c81\u2c95 .The raw conllu data for the sentence is in the CONLL-U format: \\n1\t\u2c89\u03e3\u2cb1\u2ca1\u2c89\t\u2c89\u03e3\u2cb1\u2ca1\u2c89\tSCONJ\tCONJ\t_\t6\tmark\t_\t_\n2\t\u2c87\u2c89\t\u2c87\u2c89\tPART\tPTC\t_\t10\tadvmod\t_\tOrigLang=grc\n3\t\u2c89\t\u2c89\u2ca3\u2c89\tSCONJ\tCCIRC\t_\t6\tmark\t_\t_\n4\t\u03e5\t\u2c9b\u2ca7\u2c9f\u03e5\tDET\tPPERS\tDefinite=Def|Gender=Masc|Number=Sing|Person=3|PronType=Prs\t6\tnsubj\t_\t_\n5\t\u2ca7\u2c99\t\u2ca7\u2c99\tADV\tNEG\tPolarity=Neg\t6\tadvmod\t_\t_\n6\t\u03eb\u2c9f\u2c9f\u2ca9\t\u03eb\u2c9f\u2c9f\u2ca9\tVERB\tV\tVerbForm=Fin\t10\tadvcl\t_\tCxnElt=6:Conditional-UnspecifiedEpistemic.Protasis\n7\t\u2c9b\t\u2c81\u2c9b\u2c9f\u2c9b\tDET\tPPERO\tDefinite=Def|Number=Plur|Person=1|PronType=Prs\t8\tobj\t_\t_\n8\t\u2c83\u2c9b\u2c9b\u2c89\t\u2c83\u2c9b\u2c9b\u2c89\tNOUN\tN\t_\t6\tobl\t_\t_\n9\t\u2c99\u2ca1\u2ca3\t\u2c99\u2ca1\u2ca3\tADV\tNEG\tPolarity=Neg\t10\tadvmod\t_\t_\n10\t\u03eb\u2c9f\u2c9f\u2ca9\t\u03eb\u2c9f\u2c9f\u2ca9\tVERB\tV\tVerbForm=Fin\t0\troot\t_\tCxn=Conditional-UnspecifiedEpistemic|CxnElt=6:Conditional-UnspecifiedEpistemic.Apodosis\n11\t\u2c95\u2c81\u2c99\u2c9f\u2ca9\u2c97\t\u2c95\u2c81\u2c99\u2c9f\u2ca9\u2c97\tVERB\tV\tVerbForm=Fin\t10\tobj\t_\t_\n12\t\u2c99\u2c9f\u2c9b\u2c9f\u2c9b\t\u2c99\u2c9f\u2c9b\u2c9f\u2c9b\tNUM\tNUM\tNumType=Card\t10\tobl:unmarked\t_\tOrigLang=grc\n13\t\u2c89\t\u2c89\u2ca3\u2c89\tSCONJ\tCCIRC\t_\t15\tmark\t_\t_\n14\t\u2c93\t\u2c81\u2c9b\u2c9f\u2c95\tDET\tPPERS\tDefinite=Def|Number=Sing|Person=1|PronType=Prs\t15\tnsubj\t_\t_\n15\t\u03ef\t\u03ef\tVERB\tV\tVerbForm=Fin\t10\tadvcl\t_\t_\n16\t\u2c99\u2c99\u2c9f\t\u2c9b\tADP\tPREP\t_\t17\tcase\t_\t_\n17\t\u2c9f\u2ca9\t\u2c9b\u2ca7\u2c9f\u2c9f\u2ca9\tDET\tPPERO\tDefinite=Def|Number=Plur|Person=3|PronType=Prs\t15\tobj\t_\t_\n18\t\u2c9b\u2c81\t\u2c9b\u2c81\tADP\tPREP\t_\t19\tcase\t_\t_\n19\t\u2c95\t\u2c9b\u2ca7\u2c9f\u2c95\tDET\tPPERO\tDefinite=Def|Gender=Masc|Number=Sing|Person=2|PronType=Prs\t15\tobl\t_\t_\\nUsing all the information provided above, now please translate the sentence into English(en_US).Remember your source sentence is: \u2c89\u03e3\u2cb1\u2ca1\u2c89 \u2c87\u2c89 \u2c89\u03e5\u2ca7\u2c99\u03eb\u2c9f\u2c9f\u2ca9 \u2c9b\u2c83\u2c9b\u2c9b\u2c89 \u2c99\u2ca1\u2ca3\u03eb\u2c9f\u2c9f\u2ca9 \u2c95\u2c81\u2c99\u2c9f\u2ca9\u2c97 \u2c99\u2c9f\u2c9b\u2c9f\u2c9b \u2c89\u2c93\u03ef \u2c99\u2c99\u2c9f\u2c9f\u2ca9 \u2c9b\u2c81\u2c95 .The English translation is:	If he does not help us, we will not be able to do anything, but I will do what I can for you.
\u2ca3\u2ca1\u2c9b\u2c81 \u2c9b\u2c85\u03eb\u2c93 \u2ca1\u2c9b\u2c89\u03e9 \u2c99\u2c81 \u2ca1\u2c81\u2ca5\u2c9f\u2c9b \u2c87\u2c81\u2ca9\u2c89\u2c93\u2c87 \u2c9b\u2c85\u03eb\u2c9f\u2c9f\u2ca9\u03e5 \u2c9b\u2c81\u2c93 	Be so kind and take the oil at my brother David's place and send it to me.	1\t\u2ca3\t\u2c89\u2c93\u2ca3\u2c89\tVERB\tV\tVerbForm=Fin\t0\troot\t_\t_\n2\t\u2ca1\t\u2ca1\tDET\tART\tDefinite=Def|Gender=Masc|Number=Sing|PronType=Art\t3\tdet\t_\t_\n3\t\u2c9b\u2c81\t\u2c9b\u2c81\tNOUN\tN\t_\t1\tobj\t_\t_\n4\t\u2c9b\t\u2c9b\u2ca7\u2c89\tAUX\tACONJ\t_\t6\taux\t_\t_\n5\t\u2c85\t\u2c9b\u2ca7\u2c9f\u2c95\tDET\tPPERS\tDefinite=Def|Gender=Masc|Number=Sing|Person=2|PronType=Prs\t6\tnsubj\t_\t_\n6\t\u03eb\u2c93\t\u03eb\u2c93\tVERB\tV\tVerbForm=Fin\t1\tadvcl\t_\t_\n7\t\u2ca1\t\u2ca1\tDET\tART\tDefinite=Def|Gender=Masc|Number=Sing|PronType=Art\t8\tdet\t_\t_\n8\t\u2c9b\u2c89\u03e9\t\u2c9b\u2c89\u03e9\tNOUN\tN\t_\t6\tobj\t_\t_\n9\t\u2c99\u2c81\t\u03ef\tVERB\tVIMP\tVerbForm=Fin\t6\txcomp\t_\t_\n10\t\u2ca1\u2c81\t\u2ca1\u2c81\tDET\tPPOS\tDefinite=Def|Gender=Masc|Number=Sing|Number[psor]=Sing|Person=1|Poss=Yes|PronType=Prs\t11\tnmod:poss\t_\t_\n11\t\u2ca5\u2c9f\u2c9b\t\u2ca5\u2c9f\u2c9b\tNOUN\tN\t_\t9\tvocative\t_\t_\n12\t\u2c87\u2c81\u2ca9\u2c89\u2c93\u2c87\t\u2c87\u2c81\u2ca9\u2c89\u2c93\u2c87\tPROPN\tNPROP\t_\t11\tappos\t_\tOrigLang=heb\n13\t\u2c9b\t\u2c9b\u2ca7\u2c89\tAUX\tACONJ\t_\t15\taux\t_\t_\n14\t\u2c85\t\u2c9b\u2ca7\u2c9f\u2c95\tDET\tPPERS\tDefinite=Def|Gender=Masc|Number=Sing|Person=2|PronType=Prs\t15\tnsubj\t_\t_\n15\t\u03eb\u2c9f\u2c9f\u2ca9\t\u03eb\u2c9f\u2c9f\u2ca9\tVERB\tV\tVerbForm=Fin\t6\tadvcl\t_\t_\n16\t\u03e5\t\u2c9b\u2ca7\u2c9f\u03e5\tDET\tPPERO\tDefinite=Def|Gender=Masc|Number=Sing|Person=3|PronType=Prs\t15\tobj\t_\t_\n17\t\u2c9b\u2c81\t\u2c9b\u2c81\tADP\tPREP\t_\t18\tcase\t_\t_\n18\t\u2c93\t\u2c81\u2c9b\u2c9f\u2c95\tDET\tPPERO\tDefinite=Def|Number=Sing|Person=1|PronType=Prs\t15\tobl\t_\t_	You are a professional Coptic-to-English translator tasked with providing translations suitable for use in United States (en_US). Your goal is to accurately convey the meaning and nuances of the original Coptic text while adhering to English grammar, vocabulary, and cultural sensitivities.Produce only the English translation, without any additional explanations or commentary.Please translate the following Coptic text into English (en_US):\\n\u2ca3\u2ca1\u2c9b\u2c81 \u2c9b\u2c85\u03eb\u2c93 \u2ca1\u2c9b\u2c89\u03e9 \u2c99\u2c81 \u2ca1\u2c81\u2ca5\u2c9f\u2c9b \u2c87\u2c81\u2ca9\u2c89\u2c93\u2c87 \u2c9b\u2c85\u03eb\u2c9f\u2c9f\u2ca9\u03e5 \u2c9b\u2c81\u2c93 .The raw conllu data for the sentence is in the CONLL-U format: \\n1\t\u2ca3\t\u2c89\u2c93\u2ca3\u2c89\tVERB\tV\tVerbForm=Fin\t0\troot\t_\t_\n2\t\u2ca1\t\u2ca1\tDET\tART\tDefinite=Def|Gender=Masc|Number=Sing|PronType=Art\t3\tdet\t_\t_\n3\t\u2c9b\u2c81\t\u2c9b\u2c81\tNOUN\tN\t_\t1\tobj\t_\t_\n4\t\u2c9b\t\u2c9b\u2ca7\u2c89\tAUX\tACONJ\t_\t6\taux\t_\t_\n5\t\u2c85\t\u2c9b\u2ca7\u2c9f\u2c95\tDET\tPPERS\tDefinite=Def|Gender=Masc|Number=Sing|Person=2|PronType=Prs\t6\tnsubj\t_\t_\n6\t\u03eb\u2c93\t\u03eb\u2c93\tVERB\tV\tVerbForm=Fin\t1\tadvcl\t_\t_\n7\t\u2ca1\t\u2ca1\tDET\tART\tDefinite=Def|Gender=Masc|Number=Sing|PronType=Art\t8\tdet\t_\t_\n8\t\u2c9b\u2c89\u03e9\t\u2c9b\u2c89\u03e9\tNOUN\tN\t_\t6\tobj\t_\t_\n9\t\u2c99\u2c81\t\u03ef\tVERB\tVIMP\tVerbForm=Fin\t6\txcomp\t_\t_\n10\t\u2ca1\u2c81\t\u2ca1\u2c81\tDET\tPPOS\tDefinite=Def|Gender=Masc|Number=Sing|Number[psor]=Sing|Person=1|Poss=Yes|PronType=Prs\t11\tnmod:poss\t_\t_\n11\t\u2ca5\u2c9f\u2c9b\t\u2ca5\u2c9f\u2c9b\tNOUN\tN\t_\t9\tvocative\t_\t_\n12\t\u2c87\u2c81\u2ca9\u2c89\u2c93\u2c87\t\u2c87\u2c81\u2ca9\u2c89\u2c93\u2c87\tPROPN\tNPROP\t_\t11\tappos\t_\tOrigLang=heb\n13\t\u2c9b\t\u2c9b\u2ca7\u2c89\tAUX\tACONJ\t_\t15\taux\t_\t_\n14\t\u2c85\t\u2c9b\u2ca7\u2c9f\u2c95\tDET\tPPERS\tDefinite=Def|Gender=Masc|Number=Sing|Person=2|PronType=Prs\t15\tnsubj\t_\t_\n15\t\u03eb\u2c9f\u2c9f\u2ca9\t\u03eb\u2c9f\u2c9f\u2ca9\tVERB\tV\tVerbForm=Fin\t6\tadvcl\t_\t_\n16\t\u03e5\t\u2c9b\u2ca7\u2c9f\u03e5\tDET\tPPERO\tDefinite=Def|Gender=Masc|Number=Sing|Person=3|PronType=Prs\t15\tobj\t_\t_\n17\t\u2c9b\u2c81\t\u2c9b\u2c81\tADP\tPREP\t_\t18\tcase\t_\t_\n18\t\u2c93\t\u2c81\u2c9b\u2c9f\u2c95\tDET\tPPERO\tDefinite=Def|Number=Sing|Person=1|PronType=Prs\t15\tobl\t_\t_\\nUsing all the information provided above, now please translate the sentence into English(en_US).Remember your source sentence is: \u2ca3\u2ca1\u2c9b\u2c81 \u2c9b\u2c85\u03eb\u2c93 \u2ca1\u2c9b\u2c89\u03e9 \u2c99\u2c81 \u2ca1\u2c81\u2ca5\u2c9f\u2c9b \u2c87\u2c81\u2ca9\u2c89\u2c93\u2c87 \u2c9b\u2c85\u03eb\u2c9f\u2c9f\u2ca9\u03e5 \u2c9b\u2c81\u2c93 .The English translation is:	"I said to you, ""Son David,"" and you said to me, ""Yes."""
\u2c9f\u2ca9\u03eb\u2c81\u2c93 \u03e9\u2c99\u2ca1\u03eb\u2c9f\u2c89\u2c93\u2ca5	Hail in the Lord.	1\t\u2c9f\u2ca9\u03eb\u2c81\u2c93\t\u2c9f\u2ca9\u03eb\u2c81\u2c93\tVERB\tV\tVerbForm=Fin\t0\troot\t_\t_\n2\t\u03e9\u2c99\t\u03e9\u2c9b\tADP\tPREP\t_\t4\tcase\t_\t_\n3\t\u2ca1\t\u2ca1\tDET\tART\tDefinite=Def|Gender=Masc|Number=Sing|PronType=Art\t4\tdet\t_\t_\n4\t\u03eb\u2c9f\u2c89\u2c93\u2ca5\t\u03eb\u2c9f\u2c89\u2c93\u2ca5\tNOUN\tN\t_\t1\tobl\t_\t_	You are a professional Coptic-to-English translator tasked with providing translations suitable for use in United States (en_US). Your goal is to accurately convey the meaning and nuances of the original Coptic text while adhering to English grammar, vocabulary, and cultural sensitivities.Produce only the English translation, without any additional explanations or commentary.Please translate the following Coptic text into English (en_US):\\n\u2c9f\u2ca9\u03eb\u2c81\u2c93 \u03e9\u2c99\u2ca1\u03eb\u2c9f\u2c89\u2c93\u2ca5.The raw conllu data for the sentence is in the CONLL-U format: \\n1\t\u2c9f\u2ca9\u03eb\u2c81\u2c93\t\u2c9f\u2ca9\u03eb\u2c81\u2c93\tVERB\tV\tVerbForm=Fin\t0\troot\t_\t_\n2\t\u03e9\u2c99\t\u03e9\u2c9b\tADP\tPREP\t_\t4\tcase\t_\t_\n3\t\u2ca1\t\u2ca1\tDET\tART\tDefinite=Def|Gender=Masc|Number=Sing|PronType=Art\t4\tdet\t_\t_\n4\t\u03eb\u2c9f\u2c89\u2c93\u2ca5\t\u03eb\u2c9f\u2c89\u2c93\u2ca5\tNOUN\tN\t_\t1\tobl\t_\t_\\nUsing all the information provided above, now please translate the sentence into English(en_US).Remember your source sentence is: \u2c9f\u2ca9\u03eb\u2c81\u2c93 \u03e9\u2c99\u2ca1\u03eb\u2c9f\u2c89\u2c93\u2ca5.The English translation is:	He rejoices in the place.
