source	reference	predictions	BLEU	BERTScore_P	BERTScore_R	BERTScore_F1
\u2ce8 \u2c81\u2c9b\u2c9f\u2c95 \u2ca1\u2c89\u2ca7\u2ca3\u2c9f\u2ca5 \u2c89\u2ca1\u2c89\u2c93\u2c87\u2c8f \u2c81\u2ca1\u2c81\u2c89\u2c93\u2cb1\u2ca7 \u03eb\u2c9f\u2c9f\u2ca9\u2ca7 \u2c89\u2c81\u2ca1\u2c89 \u2c9b\u2ca3\u2c9f\u2ca9\u03e9\u2c89 \u03e9\u2c81\u2ca1\u03e9\u2cb1\u2c83 \u2c99\u2ca1\u2c95\u2ca9\u2c99\u2c8f\u2c97\u2c93\u2c9f\u2c9b \u2c9b\u2c81\u2ca1\u2c81 \u2c99\u2c8f\u2c9b\u2c81\u2ca5 	I am Petros my father sent me to Ape in the evening regarding the matter of the church vessel of Apa Menas.	And the Lord said, \\u201cGo forth and teach all nations, and make disciples of all.\\u201d	2.172976811427523	0.7861373424530029	0.8338062167167664	0.809270441532135
\u2c89\u2c93\u2ca5 \u2ca1\u2ca7\u2cb1\u03e3 \u2c81\u2ca9\u2ca7\u2c81\u2c81\u03e5 \u2c89\u2ca7\u2c9f\u2c9f\u2ca7 \u03eb\u2c89\u2ca5\u03e9\u2c81\u2c93 \u2c89\u2c91\u2c89 \u2c9b\u2c93\u2c99 \u2c89\u2ca9\u2c81\u03e3\u2ca5 \u2ca7\u2c89\u2c9b\u2c9f\u2ca9 	Here is the order that was given to me: write whatever manner they want now.	 And the father always gives grace to those who believe in his name.	3.0165524927300758	0.820833683013916	0.834200382232666	0.8274630308151245
\u2c95\u2c9f\u2ca9\u2cb1\u03e3 \u2c89\u2c89\u2c93 \u2c89\u2c9b\u03e9\u2c8f\u2ca7 \u2c81\u2c99\u2c9f\u2ca9 	If you want to come to the North come.	 Glory to God in all things.	5.08764122072739	0.7820464372634888	0.8323924541473389	0.8064344525337219
\u2c95\u2c9f\u2ca9\u2cb1\u03e3 \u2c9f\u2c9b \u2c9b\u2ca7\u2c81\u2c89\u2c93 \u03eb\u2c9f\u2c9f\u2ca9 \u2c9b\u2ca7\u2c81\u2c89\u2c93 	And if you prefer me to come, send for me and I will come.	 Glory to God on the Lord Jesus, on the Lord.	3.1934960455974277	0.7966791987419128	0.8353269696235657	0.8155454993247986
\u2ce8 \u2c81\u2c9b\u2c9f\u2c95 \u2c81\u2c9b\u2c87\u2c9f\u2c9b\u2c93\u2c9f\u2ca5 \u2c89\u2ca7\u2ca5\u03e9\u2c81\u2c93 \u2c99\u2ca1\u2c89\u2ca7\u2ca3\u2c9f\u2ca5 \u03eb\u2c89\u2c9f\u2ca9\u2cb1\u03e3 \u2c9f\u2ca9\u2c9b \u2c9b\u2c85\u2ca7\u2c9b\u2c9b\u2c9f\u2c9f\u2ca9 \u2c9b\u03e9\u2c9f\u2c99\u2c9b\u2ca7 \u2c9b\u2c81\u2c93 \u03eb\u2c89\u2c89\u2c93\u03e3\u2cb1\u2c9b\u2c89 	It is me antonios who is writing to Petros: please then send me the money for I am sick. 	And all the apostles testified in all the world to the name of Jesus Christ.	2.3547653529958312	0.8321735262870789	0.8290810585021973	0.8306244015693665
\u2c99\u2c89\u2c93\u2c85\u2c9b\u2c9f\u2ca9\u2c9b\u2c9f\u2ca9\u2c99\u2c89\u2ca5 \u2c9b\u2ca7\u2c81\u03eb\u2c9f\u03e5 \u2c89\u2ca3\u2c9f\u2c93 	And I did not find a nummus to spend for me.	Believe in the Lord.	2.634191962725227	0.8403475284576416	0.8337244987487793	0.8370229005813599
\u2c89\u03e3\u03eb\u2c89 \u2c95\u2c9b\u2c81\u03ef \u2c9b\u2c81\u2c93 \u2ca7\u2c9b\u2c9b\u2c9f\u2c9f\u2ca9 \u2ca1\u2cb1\u2c93 \u2c9b\u2c81\u2c93 \u03eb\u2c9f\u2c89\u2c93\u2ca5 \u03eb\u2c89\u2c99\u2c89\u2c93\u2c85\u2c9b\u2c9f\u2ca9 \u2c9b\u2ca7\u2c81\u2c83\u2c9f\u2c95\u2ca5 \u2c89\u2ca1\u03e9\u2c99\u2c9f\u2ca9 	Since you are going to give me send me mine my lord for I did not find to add to the salt.	And the Lord knows all things, both what has happened and what will happen.	1.877751044216087	0.8257524967193604	0.8095515370368958	0.8175718188285828
\u2c89\u03e5\u2c83\u2c9f\u2ca5\u2ca7 \u2c9b\u2ca7\u2c89\u2c93\u03e9\u2c89 	It is dried out in this way.	 And the end.	5.876350803261633	0.8651750683784485	0.8496305346488953	0.8573323488235474
\u2c9f\u2ca9\u03eb\u2c81\u2c93 \u03e9\u2c99\u2ca1\u03eb\u2c9f\u2c89\u2c93\u2ca5 \u2ca7\u2c81\u2c81\u2ca5 \u2c99\u2ca1\u2c89\u2ca7\u2ca3\u2c9f\u2ca5 \u03e9\u2c93\u2ca7\u2c9b\u2c81\u2c9b\u2c87\u2cb1\u2c9b\u2c93\u2c9f\u2ca5 \u2ca1\u2c89\u2ca7\u2c9b\u03e3\u2c8f\u2ca3\u2c89 	Hail in the Lord to give to Petros from Antonios your son.	 Glory to your Majesty, the Father, and to the Son, and to the Holy Spirit, forever.	2.7156804039319287	0.8357015252113342	0.8414859771728516	0.838583767414093
\u2ca1\u2ca5\u2c99\u2cb1\u2c89\u2c93 \u2c89\u2c93\u03e3\u2c93\u2c9b\u2c89 \u2c89\u2ca1\u2c81\u2ca5\u2c9f\u2c9b \u2ca1\u2c87\u2c93\u2c81\u2c95\u2c9f\u2c9b\u2c9f\u2ca5 	I psmoei I am greeting my brother the Deacon.	Let us pray to the Lord God.	5.11459870708889	0.881976306438446	0.8339240550994873	0.8572772741317749
\u2c99\u2ca1\u2ca3\u2c95\u2c9b-\u2c81\u2ca3\u2c93\u2c95\u2c89 \u2c89\u2ca7\u2c83\u2c89\u2ca1\u2ca7\u2ca3\u2c99\u2c8f\u2ca5\u2c89 	Do not blame me for the Tremissis.	 And the Lord Jesus is good.	6.770186228657864	0.8299365043640137	0.827970027923584	0.8289521336555481
\u03ef\u2c9b\u2c81\u2cb1\u2ca5\u2c95 \u2c89\u03eb\u2c9f\u2c9f\u2ca9\u03e5 \u2c9b\u2c81\u2c95 \u2c81\u2c9b 	I will not delay sending it to you now. 	And the Lord heard you.	4.955725306405571	0.8661797642707825	0.8486655354499817	0.857333242893219
\u03ef\u2c9b\u2c9f\u2ca9 \u2ca3\u2ca1\u2c9b\u2c81 \u2c9b\u2c85\u03ef \u2c9f\u2ca9\u2c81\u2c93\u2ca1\u2c89 \u2c9b\u2c9b\u2c89\u2ca3\u03e3\u2c93\u2c9b \u2c99\u2ca1\u2ca3\u2cb1\u2c99\u2c89 \u2c89\u2ca7\u2c9b\u2c81 \u2c9b\u03ef\u2c83\u2c97\u03eb\u2c89 \u2c9b\u2c81\u2c95 \u2c9b\u2ca7\u2c89\u2c95\u2c99\u2c81\u03eb\u2c89 \u2ca7\u2cb1\u2c95 	Please give the measure of lentils to the man who will bring you this ostracon, according to your own measure.	And now, all the people heard that the Lord came and taught them all things.	2.4101234231485975	0.8638091683387756	0.8362666368484497	0.849814772605896
\u2c81\u2ca3\u2c93\u2ca7\u2c81\u2c85\u2c81\u2ca1\u2c8f \u2c99\u2ca1\u2ca3\u2c95\u2cb1 \u2c9b\u03e3\u2c9f\u2ca9 \u03ef \u2ca7\u2c81\u2c93\u2ca1\u2c89 \u2c9b\u2c9b\u2c89\u2ca3\u03e3\u2c93\u2c9b \u2c9b\u2c81\u03e5 \u03eb\u2c89\u2ca1\u2c89\u2ca5\u2c95\u2c8f\u2c97\u2c99\u2cb1\u2ca5 \u03e9\u2c9f\u2ca5\u2c89 	Be so kind, do not abstain from giving the measure of lentils to him because the travel is difficult.	Arri tagapia mprk\\u014d n\\u0161ou ttaipe nnerfsin nav \\u03ebepesklnmos hose.	1.7615754147008857	0.7265242338180542	0.8184201121330261	0.7697391510009766
\u2ca7\u2c81\u2c81\u2ca5 \u2c99\u2ca1\u2c87\u2c93\u2c81\u2c95\u2c9f\u2c9b\u2c9f\u2ca5 \u03e9\u2c93\u2ca7\u2c9b\u2ca1\u2ca5\u2c99\u2cb1\u2c89\u2c93 	Give it to the deacon from Psmoei.	 Praise be to the All-Holy One.	12.600736402830258	0.8317676186561584	0.8230298757553101	0.8273756504058838
\u2ce8 \u2c89\u2ca1\u2c89\u2c93\u2c87\u2c8f \u2c81\u2c95\u2c99\u2c9f\u2c9f\u03e3\u2c89 \u03e9\u2c93\u2ca7\u2c9f\u2c9f\u2ca7 \u03eb\u2c89\u2c89\u2c93\u2c9b\u2c81\u03eb\u2c93 \u2c9b\u2c89\u2c83\u2ca3\u2c8f\u2c9f\u2ca9\u2c89 \u2c81\u03e9\u2c93\u2c97\u2c93\u2c81\u2ca5 \u2ca5\u2cb1\u2c83\u2c89 \u2c99\u2c99\u2c9f\u2c93 \u2c89\u2ca7\u2c83\u2c89\u2c9b\u2ca5\u2c93\u2c99\u2ca5\u2c93\u2c99 	Since you left me saying I shall take the crops Elias laughed at me concerning the vegetables.	And the knowledge which is in the hearts of all men is one.	2.8085997490043626	0.8290342092514038	0.8392580151557922	0.8341147303581238
\u2c99\u2c89\u03e5\u2ca7\u2c81\u2c81\u2ca9 \u2c9b\u2c81\u2c93 	He did not give them to me.	 He is good.	6.988198185490689	0.8942142724990845	0.8710902333259583	0.8825007677078247
\u2c81\u2ca9\u2cb1 \u2c9f\u2c9b \u2c9f\u2ca9\u2c99\u2c9b\u2ca7 \u2c9b\u2c83\u2c9b\u2c9b\u2c89 \u2c89\u2c9b\u2ca7\u2c81\u2c93\u03ed\u2c9b\u2ca7\u03e5 \u2c99\u2c81\u2ca3\u2c89\u03e5\u03eb\u2c9f\u2c9f\u2ca9 \u2c9b\u2ca7\u2c89\u2c9f\u2c89\u2c93\u2ca1\u2c89 \u2c9b\u2c83\u2c9b\u2c9b\u2c89 \u2c99\u2c9b\u2ca1\u2c95\u2c81\u2c99\u2c9f\u2ca9\u2c97 \u2c9b\u2ca7\u2c81\u2ca7\u2c9b\u2c9b\u2c9f\u2c9f\u2ca9 \u2c9b\u2c9f\u2ca3\u2c9d 	And as for a measure of dates that I found may he send the measure of dates with the camel in order that I may send the arax.	\\nAnd I will give to them knowledge of the mysteries, and I will reveal to them the things hidden.	1.966535624321864	0.8480518460273743	0.8286495208740234	0.8382384181022644
\u2c89\u03e3\u2cb1\u2ca1\u2c89 \u2c87\u2c89 \u2c89\u03e5\u2ca7\u2c99\u03eb\u2c9f\u2c9f\u2ca9 \u2c9b\u2c83\u2c9b\u2c9b\u2c89 \u2c99\u2ca1\u2ca3\u03eb\u2c9f\u2c9f\u2ca9 \u2c95\u2c81\u2c99\u2c9f\u2ca9\u2c97 \u2c99\u2c9f\u2c9b\u2c9f\u2c9b \u2c89\u2c93\u03ef \u2c99\u2c99\u2c9f\u2c9f\u2ca9 \u2c9b\u2c81\u2c95 	And if  he does not send the dates do not send a camel only when I give them to you.	 And the Lord is good to all who keep His commandments.	2.2622731066261244	0.8284505605697632	0.8217676877975464	0.8250955939292908
\u2ca3\u2ca1\u2c9b\u2c81 \u2c9b\u2c85\u03eb\u2c93 \u2ca1\u2c9b\u2c89\u03e9 \u2c99\u2c81 \u2ca1\u2c81\u2ca5\u2c9f\u2c9b \u2c87\u2c81\u2ca9\u2c89\u2c93\u2c87 \u2c9b\u2c85\u03eb\u2c9f\u2c9f\u2ca9\u03e5 \u2c9b\u2c81\u2c93 	Be so kind and take the oil at my brother David's place and send it to me.	\\n\\nAnd the Lord said, \\u201cTake the talent and give it to the one who has it, so that he may be enriched.\\u201d	3.1568618107860202	0.8008383512496948	0.8576725125312805	0.828281581401825
\u2c9f\u2ca9\u03eb\u2c81\u2c93 \u03e9\u2c99\u2ca1\u03eb\u2c9f\u2c89\u2c93\u2ca5	Hail in the Lord.	 Glory to God.	12.44023474812678	0.9194743633270264	0.9011744260787964	0.910232424736023
